serial_no,name,q1_cleaningstartdate,q1_cleaningenddate,remarks_q1,q2_cleaningstartdate,q2_cleaningenddate,remarks_q2,q3_cleaningstartdate,q3_cleaningenddate,remarks_q3,q4_cleaningstartdate,q4_cleaningenddate,remarks_q4,other_works_startdate,other_works_enddate,remarks_other_works,latitude_hc,longitude_hc,photourl,address_myenv,no_of_market_stalls,no_of_food_stalls,description_myenv,status,google_3d_view,google_for_stall
1,Adam Road Food Centre,7/3/2022,7/3/2022,nil,2/6/2022,2/6/2022,nil,1/9/2022,1/9/2022,nil,5/12/2022,6/12/2022,nil,NA,NA,nil,1.324131966,103.8141632,http://www.nea.gov.sg/images/default-source/Hawker-Centres-Division/resize_1267437914368.jpg,"2, Adam Road, Singapore 289876",0,32,"Built in 1974, Adam Food Centre comprises 32 cooked food stalls.  Although small in size, the hawker centre has a huge reputation.  Popular food offered in the centre includes BBQ Seafood, Nasi Lemak, Prawn Noodles etc.",Existing,https://goo.gl/maps/ZMLJeP8STKpDP9so9,nil
2,Aljunied Ave 2 Blk 117 (Blk 117 Aljunied Market and Food Centre),14/3/2022,15/3/2022,nil,6/6/2022,7/6/2022,nil,12/9/2022,15/9/2022,nil,12/12/2022,13/12/2022,nil,NA,NA,nil,1.320709944,103.8870926,http://www.nea.gov.sg/images/default-source/Hawker-Centres-Division/resize_1262154437879.jpg,"Blk 117, Aljunied Ave 2, Singapore 380117",82,79,"Next to Geylang East Swimming Complex and other amenities, the hawker centre caters to the marketing and dining needs of the residents at Geylang East. The centre was built in 1978 and comprises 79 cooked food stalls and 82 market stalls.",Existing,https://goo.gl/maps/XVjxu6hgpcwt15JC8,nil
3,Amoy Street Food Centre (Telok Ayer Food Centre),TBC,TBC,nil,7/5/2022,7/5/2022,nil,6/8/2022,6/8/2022,nil,10/11/2022,12/11/2022,nil,11/10/2021,10/1/2022,Repairs and Redecoration,1.279129028,103.8469849,http://www.nea.gov.sg/images/default-source/Hawker-Centres-Division/resize_1265968760190.jpg,"National Development Building, Annex B, Telok Ayer Street, Singapore 069111",1,134,"Built in 1983, the two-storey food centre is located within the central business district.  Housing many well-known stalls, the centre has evolved into a favourite lunch venue for executives working near Shenton Way. Be spoilt by the choice of hawker fare at affordable prices!",Existing,https://goo.gl/maps/RiX319zQXRFeHWPE6,nil
4,Ang Mo Kio Ave 1 Blk 226D (Kebun Baru Market and Food Centre),7/3/2022,9/3/2022,nil,6/6/2022,6/6/2022,nil,12/9/2022,12/9/2022,nil,12/12/2022,12/12/2022,nil,NA,NA,nil,1.366950035,103.8391876,http://www.nea.gov.sg/images/default-source/Hawker-Centres-Division/resize_1262154827180.jpg,"Blk 226D, Ang Mo Kio Ave 1, Singapore 564226",101,10,"Located next to a food centre, the hawker centre at Block 226D Ang Mo Kio Ave 1 serves the marketing and dining needs of residents living in the Kebun Baru area. The centre was upgraded in 2010 and consists predominantly of market stalls.",Existing,https://goo.gl/maps/CAJGbiEU4o46xfbR8,nil
5,Ang Mo Kio Ave 1 Blk 341 (Teck Ghee Court),21/2/2022,22/2/2022,nil,9/5/2022,10/5/2022,nil,15/8/2022,16/8/2022,nil,14/11/2022,16/11/2022,nil,NA,NA,nil,1.364169955,103.84832,http://www.nea.gov.sg/images/default-source/Hawker-Centres-Division/resize_1275538105392.jpg,"Blk 341, Ang Mo Kio Ave 1, Singapore 560341",86,32,"Located in the heart of Teck Ghee estate and opposite Bishan Park, the 32 cooked food stalls and 86 market stalls within the hawker centre remain a popular choice among patrons despite the availability of alternative marketing and dining facilities nearby.  Popular local dishes are whipped up daily to satisfy patrons' desires for good food!",Existing,https://goo.gl/maps/quL2H4mojGZfZsHA6,nil
6,Ang Mo Kio Ave 10 Blk 409 (Teck Ghee Square),7/3/2022,8/3/2022,nil,6/6/2022,7/6/2022,nil,5/9/2022,6/9/2022,nil,12/12/2022,14/12/2022,nil,NA,NA,nil,1.362730026,103.8553772,http://www.nea.gov.sg/images/default-source/Hawker-Centres-Division/resize_1275538704472.jpg,"Blk 409, Ang Mo Kio Ave 10, Singapore 560409",148,40,"Also known as Teck Ghee Square, it is one of the three hawker centres that are situated along Ang Mo Kio Ave 10. Built in 1979, the hawker centre comprises 40 cooked food stalls and 148 market stalls.",Existing,https://goo.gl/maps/9AShxY98qfHC4yFK6,nil
7,Ang Mo Kio Ave 10 Blk 453A (Chong Boon Market and Food Centre),21/2/2022,22/2/2022,nil,23/5/2022,24/5/2022,nil,22/8/2022,23/8/2022,nil,28/11/2022,30/11/2022,nil,NA,NA,nil,1.368299961,103.8564377,http://www.nea.gov.sg/images/default-source/Hawker-Centres-Division/resize_1259902043777.jpg,"Blk 453A, Ang Mo Kio Ave 10, Singapore 561453",113,39,"Built in 1979, the hawker centre at Blk 453A Ang Mo Kio Ave 10 consists of 38 cooked food stalls and 184 market stalls.",Existing,https://goo.gl/maps/yRhwwdeCwrNUEGPb8,nil
8,Ang Mo Kio Ave 10 Blk 527 (Cheng San Market and Cooked Food Centre),7/3/2022,8/3/2022,nil,6/6/2022,7/6/2022,nil,12/9/2022,13/9/2022,nil,12/12/2022,14/12/2022,nil,NA,NA,nil,1.37270999,103.8544464,http://www.nea.gov.sg/images/default-source/Hawker-Centres-Division/resize_1265165592824.jpg,"Blk 527, Ang Mo Kio Ave 10, Singapore 560527",100,50,"Commonly known as Cheng San Market and Cooked Food Centre, Blk 527 Ang Mo Kio Ave 10 is one of the three hawker centres located along Ang Mo Kio Ave 10. The hawker centre was built in 1979 to serve the dining and marketing needs of nearby residents. Upgraded in 2004, it houses 50 cooked food stalls and 100 market stalls.",Existing,https://goo.gl/maps/1i5LTCTThDSpkEoL6,nil
9,Ang Mo Kio Ave 4 Blk 160/162 (Mayflower Market),21/3/2022,21/3/2022,nil,27/6/2022,27/6/2022,nil,19/9/2022,19/9/2022,nil,19/12/2022,21/12/2022,nil,NA,NA,nil,1.374600053,103.839241,http://www.nea.gov.sg/images/default-source/Hawker-Centres-Division/resize_1265165416622.jpg,"Blk 160/162, Ang Mo Kio Ave 4, Singapore 560160/560162",84,40,"Commonly known as Mayflower Market, the hawker centre was built in 1981. It comprises 40 cooked food stalls and 84 market stalls to serve the marketing and dining needs of residents.",Existing,https://goo.gl/maps/JfAERHoWCXLcLxFj8,nil
10,Ang Mo Kio Ave 4 Blk 628 (Ang Mo Kio 628 Market),7/3/2022,9/3/2022,nil,20/6/2022,22/6/2022,nil,12/9/2022,14/9/2022,nil,12/12/2022,16/12/2022,nil,NA,NA,nil,1.38066268,103.8407516,http://www.nea.gov.sg/images/default-source/Hawker-Centres-Division/blk-628-ang-mo-kio-ave-4.jpg,"Blk 628, Ang Mo Kio Ave 4, Singapore 560628",166,52,"Originally built in 1979, the hawker centre is located opposite Yio Chu Kang CC and near schools, temples and residential flats.   After the upgrading in 2010, the rebuilt centre consists of  52 cooked food stalls and 166 market stalls to serve the marketingand dining needs of patrons.",Existing,https://goo.gl/maps/pakHuJhMHAXm2A378,nil
11,Ang Mo Kio Ave 6 Blk 724 (Blk 724 Ang Mo Kio Market),14/3/2022,15/3/2022,nil,6/6/2022,7/6/2022,nil,22/8/2022,23/8/2022,nil,5/12/2022,7/12/2022,nil,NA,NA,nil,1.372040033,103.8464966,http://www.nea.gov.sg/images/default-source/Hawker-Centres-Division/resize_1262155216756.jpg,"Blk 724, Ang Mo Kio Ave 6, Singapore 560724",78,45,"Located conveniently in the heart of the bustling Ang Mo Kio Town Centre, the hawker centre is always packed with patrons, especially during the weekends.  Be prepared to queue for your favourite food at popular stalls!",Existing,https://goo.gl/maps/McwQgyvQ23M7XE577,nil
12,Ang Mo Kio Street 22 Blk 226H (Kebun Baru Food Centre),7/3/2022,9/3/2022,nil,6/6/2022,6/6/2022,nil,12/9/2022,12/9/2022,nil,12/12/2022,12/12/2022,nil,NA,NA,nil,1.367266059,103.8399429,http://www.nea.gov.sg/images/default-source/Hawker-Centres-Division/resize_1259901689557.jpg,"Blk 226H, Ang Mo Kio Street 22, Singapore 568226",0,29,"Commonly known as Kebun Bahru Food Centre, the food centre was built in 1976 to serve the dining needs of Kebun Baru residents. Comprises 29 cooked food stalls.",Existing,https://goo.gl/maps/jZ6eW4rumGqcTbne7,nil
13,Bedok Food Centre,14/3/2022,14/3/2022,nil,13/6/2022,14/6/2022,nil,5/9/2022,5/9/2022,nil,12/12/2022,14/12/2022,nil,NA,NA,nil,1.320353031,103.9554749,http://www.nea.gov.sg/images/default-source/Hawker-Centres-Division/resize_1265176030572.jpg,"1, Bedok Road, Singapore 469572",0,32,"Located at the corner of Upper East Coast Road, Bedok Food Centre is a favourite haunt for residents in the vicinity and army personnel from nearby barracks. Upgraded in 2005, the fa?ade resembles that of an old Malay ""kampong"" house. Famous for hawker fare such as Hokkien Mee, Desserts, Malay Dishes and more, the hawker centre houses 32 cooked food stalls.",Existing,https://goo.gl/maps/xGnxBRmZFfuQi79Y9,nil
14,Bedok North Street 1 Blk 216,7/3/2022,7/3/2022,nil,6/6/2022,6/6/2022,nil,5/9/2022,5/9/2022,nil,12/12/2022,16/12/2022,nil,NA,NA,nil,1.327119946,103.9332962,http://www.nea.gov.sg/images/default-source/Hawker-Centres-Division/resize_1262154705733.jpg,"Blk 216, Bedok North Street 1, Singapore 460216",114,82,"Built in 1979, the hawker centre at Blk 216 Bedok North Street 1 comprises 82 cooked food stalls and 114 market stalls. A stone's throw away from Bedok Town Centre.",Existing,https://goo.gl/maps/SyNWybRigR8fvkQJ7,nil
15,Bedok North Street 3 Blk 511 (Kaki Bukit 511 Market and Food Centre),7/3/2022,7/3/2022,nil,20/6/2022,24/6/2022,nil,19/9/2022,19/9/2022,nil,26/12/2022,26/12/2022,nil,NA,NA,nil,1.333310008,103.930687,http://www.nea.gov.sg/images/default-source/Hawker-Centres-Division/resize_1265166047112.jpg,"Blk 511, Bedok North Street 3, Singapore 460511",83,42,"Built in 1979, the hawker centre at Blk 511 Bedok North Street 3 comprises 42 cooked food stalls and 83 market stalls to serve both the dining and marketing needs of residents living in the Kaki Bukit area. Be pampered by the wide selection of hawker fare!  Crowded during dinner and supper hours.",Existing,https://goo.gl/maps/mS7Szg3qu62t8a746,nil
16,Bedok North Street 3 Blk 538,14/3/2022,14/3/2022,nil,6/6/2022,10/6/2022,nil,12/9/2022,12/9/2022,nil,19/12/2022,19/12/2022,nil,NA,NA,nil,1.332100034,103.9247208,http://www.nea.gov.sg/images/default-source/Hawker-Centres-Division/resize_1262227194623.jpg,"Blk 538, Bedok North Street 3, Singapore 460538",134,42,"Built in 1979, the hawker centre at Blk 538 Bedok North Street 3 comprises 42 cooked food stalls and 134 market stalls. One of the popular hawker centres in the Bedok area.",Existing,https://goo.gl/maps/vs3LEAgmNVTrwdqQ9,nil
17,Bedok North Street 4 Blk 85 (85 Fengshan Centre),21/2/2022,22/2/2022,nil,23/5/2022,24/5/2022,nil,29/8/2022,30/8/2022,nil,14/11/2022,18/11/2022,nil,NA,NA,nil,1.332059979,103.9388123,http://www.nea.gov.sg/images/default-source/Hawker-Centres-Division/resize_1267853253145.jpg,"Blk 85, Bedok North Street 4, Singapore 460085",170,72,"A popular supper destination for night owls from all over the island.  The hawker centre features a wide array of hawker fare such as Bak Chor Mee, Porridge, BBQ Chicken Wings and Seafood, Fried Oysters etc.  Definitely a favourite haunt for the sleepless!",Existing,https://goo.gl/maps/38cbWGRT7RDYaedNA,nil
18,Bedok Reservoir Road Blk 630,7/3/2022,7/3/2022,nil,20/6/2022,20/6/2022,nil,12/9/2022,16/9/2022,nil,28/11/2022,28/11/2022,nil,NA,NA,nil,1.332980037,103.9142075,http://www.nea.gov.sg/images/default-source/Hawker-Centres-Division/resize_1262155176127.jpg,"Blk 630, Bedok Reservoir Road, Singapore 470630",75,36,"Located within walking distance from the Eunos Community Club, the centre is a convenient place which meets the dining and marketing needs of residents living at Bedok Reservoir Road. Upgraded in 2006, it houses 36 cooked food stalls and 75 market stalls.",Existing,https://goo.gl/maps/8cXkGfFzKnNPrfP58,nil
19,Bedok South Road Blk 16,14/3/2022,14/3/2022,nil,20/6/2022,20/6/2022,nil,5/9/2022,5/9/2022,nil,12/12/2022,16/12/2022,nil,NA,NA,nil,1.320559978,103.9355469,http://www.nea.gov.sg/images/default-source/Hawker-Centres-Division/resize_1267853021378.jpg,"Blk 16, Bedok South Road, Singapore 460016",154,64,"Located near schools, factories and housing estates in the Bedok South area, this hawker centre is an accessible hotspot for patrons looking for an economical meal.",Existing,https://goo.gl/maps/DHwLVrkDU42o1NU29,nil
20,Bendemeer Road Blk 29 (Bendemeer Market and Food Centre),21/2/2022,22/2/2022,nil,23/5/2022,24/5/2022,nil,15/8/2022,16/8/2022,nil,14/11/2022,16/11/2022,nil,NA,NA,nil,1.319280028,103.8630905,http://www.nea.gov.sg/images/default-source/Hawker-Centres-Division/resize_1262226446535.jpg,"Blk 29, Bendemeer Road, Singapore 330029",105,88,"Just a few minutes away from Boon Keng MRT station, the hawker centre is very popular with the nearby residents as well as the workers at Kallang Bahru Industrial Estate because of its location and affordable local cuisines.",Existing,https://goo.gl/maps/ESaacUd3n8rVjrUNA,nil
21,Beo Crescent Market,7/3/2022,7/3/2022,nil,20/6/2022,20/6/2022,nil,19/9/2022,21/9/2022,nil,12/12/2022,12/12/2022,nil,NA,NA,nil,1.28848803,103.8272476,http://www.nea.gov.sg/images/default-source/Hawker-Centres-Division/resize_1267807628554.jpg,"38A, Beo Crescent, Singapore 169982",62,32,"Located near to Tiong Bahru MRT station and PSB Academy, Beo Crescent Market/Food Centre was built in 1965.  The centre serves the mature estate of Havelock and Tiong Bahru area.",Existing,https://goo.gl/maps/zUwFBP9agEnxbHDL8,nil
22,Berseh Food Centre,28/3/2022,28/3/2022,nil,27/6/2022,27/6/2022,nil,19/9/2022,19/9/2022,nil,19/12/2022,20/12/2022,nil,NA,NA,nil,1.307335019,103.8568497,http://www.nea.gov.sg/images/default-source/Hawker-Centres-Division/resize_1265176120532.jpg,"166, Jalan Besar, Singapore 208877",0,66,"Located along Jalan Besar Road, Berseh Food Centre houses 66 cooked food stalls. Built in 1975, the food centre presents an added nostalgic flavour with the rows of meticulously restored pre-war shophouses surrounding it.",Existing,"https://www.google.com/maps/@1.3072454,103.8567191,2a,75y,36.49h,85.01t/data=!3m6!1e1!3m4!1sQVLmSsGPCdUAAARErviBsA!2e0!7i13312!8i6656",nil
23,Boon Lay Place Blk 221A/B (Boon Lay Place Market and Food Village),28/3/2022,29/3/2022,nil,20/6/2022,21/6/2022,nil,12/9/2022,15/9/2022,nil,19/12/2022,20/12/2022,nil,NA,NA,nil,1.345280051,103.7128525,http://www.nea.gov.sg/images/default-source/Hawker-Centres-Division/resize_1262154766447.jpg,"Blk 221A/B, Boon Lay Place, Singapore 641221/642221",94,72,"Located beside Boon Lay Shopping Centre, the hawker centre at Blk 221A/B Boon Lay Place provides marketing and dining amenities for residents living in Boon Lay. Built in 1976, the centre comprises 72 cooked food stalls and 94 market stalls.",Existing,https://goo.gl/maps/v8nsUp6AuhCUZDTz7,nil
24,Buffalo Road Blk 665 (Tekka Centre/Zhu Jiao Market),7/3/2022,8/3/2022,nil,20/6/2022,21/6/2022,nil,12/9/2022,14/9/2022,nil,12/12/2022,13/12/2022,nil,NA,NA,nil,1.306190014,103.8506699,http://www.nea.gov.sg/images/default-source/Hawker-Centres-Division/resize_1262156313186.jpg,"Blk 665, Buffalo Road, Singapore 210665",284,119,"More commonly known as Tekka Centre, the hawker centre is a popular haunt for marketing and dining needs, especially with the Indian community. An amazing variety of fresh produce is sold at the market.  Built in 1980, it is the second largest hawker centre in Singapore housing more than 400 stalls. An iconic landmark in the Little India area!",Existing,https://goo.gl/maps/jdkxQwk8YsCa2kST7,nil
25,Bukit Merah Central Blk 163 (Bukit Merah Central Food Centre),12/3/2022,13/3/2022,nil,25/6/2022,26/6/2022,nil,10/9/2022,11/9/2022,nil,24/12/2022,25/12/2022,nil,NA,NA,nil,1.283740044,103.8171082,http://www.nea.gov.sg/images/default-source/Hawker-Centres-Division/resize_1267851995788.jpg,"Blk 163, Bukit Merah Central, Singapore 150163",0,57,"Located in the heart of Bukit Merah Central, the food centre consists of 57 cooked food stalls. Extremely well liked by office executives working in the vicinity, the centre bustles with activity during lunch hours. Popular dishes include Ngoh Hiang, Chicken Rice, Teochew Porridge, Fish Soup, Char Kway Teow and Goreng Pisang. Be prepared to be spoilt for choice!",Existing,https://goo.gl/maps/TXsQjSfxXukdwVGD6,nil
26,Bukit Merah Lane 1 Blk 120 (Alexandra Village Food Centre),14/3/2022,14/3/2022,nil,30/5/2022,30/5/2022,nil,26/9/2022,26/9/2022,nil,27/12/2022,27/12/2022,nil,NA,NA,nil,1.286360025,103.8045502,http://www.nea.gov.sg/images/default-source/Hawker-Centres-Division/resize_1267852344747.jpg,"Blk 120, Bukit Merah Lane, Singapore 150120",0,88,"Opposite the Queenstown Shopping Centre, the hawker centre, also commonly known as Alexandra Food Village, is home to a number of ""yummylicious"" local dishes such as Chicken Rice, Claypot Laksa, Bak Ku Teh etc.",Existing,https://goo.gl/maps/vwuZYeSycjWnXp3W6,nil
27,Bukit Merah View Blk 115 (Blk 115 Bukit Merah View Market and Food Centre),7/3/2022,8/3/2022,nil,6/6/2022,7/6/2022,nil,12/9/2022,13/9/2022,nil,26/12/2022,27/12/2022,nil,NA,NA,nil,1.285240054,103.8223724,http://www.nea.gov.sg/images/default-source/Hawker-Centres-Division/resize_1267851251303.jpg,"Blk 115, Bukit Merah View, Singapore 151115",167,84,"Built in 1973, the hawker centre comprises 84 cooked food stalls and 167 market produce stalls. Located in Henderson area and near to office buildings, schools and residential flats, it is one of the largest hawker centres in Bukit Merah.",Existing,https://goo.gl/maps/LeEpMpTYuPJhe9JV8,nil
28,Bukit Panjang Hawker Centre and Market,7/3/2022,8/3/2022,nil,6/6/2022,8/6/2022,nil,5/9/2022,6/9/2022,nil,12/12/2022,13/12/2022,nil,NA,NA,nil,1.378269,103.772432,http://www.nea.gov.sg/images/default-source/Hawker-Centres-Division/bukit-panjang-hawker-centre.jpg,"2 Bukit Panjang Ring Road, Singapore 679947",45,28,"Bukit Panjang Hawker Centre & Market is one of the 10 new centres announced by the Government. Among the 10 centres, it is the second to start operations, after the Hougang Ci Yuan Hawker Centre. Bukit Panjang Hawker Centre & Market has 28 cooked food stalls, 14 market slab stalls and 14 lock-up stalls located on both floors of the two-storeyed building.  It also has a sundry store on the second floor.",Existing (new),https://goo.gl/maps/xjE35jEQ3BSggbki8,nil
29,Bukit Timah Market,21/2/2022,21/2/2022,nil,23/5/2022,25/5/2022,nil,29/8/2022,29/8/2022,nil,28/11/2022,28/11/2022,nil,NA,NA,nil,1.339645028,103.7758026,http://www.nea.gov.sg/images/default-source/Hawker-Centres-Division/resize_1265176195262.jpg,"51, Upper Bukit Timah Road, Singapore 588215",95,84,"Located along Upper Bukit Timah Road, the two-storey hawker centre was built in 1975 and was upgraded in 2003. A popular hawker centre serving the dining and marketing needs of residents living around Toh Yi Drive. Well-known for the variety of hawker fare, the centre is usually packed with patrons during peak hours. Comprises 84 cooked food stalls and 94 market stalls.",Existing,https://goo.gl/maps/yN9dFxLPe41RKb3q7,nil
30,Cambridge Road Blk 41A (Pek Kio Market and Food Centre),10/1/2022,10/1/2022,nil,18/4/2022,18/4/2022,nil,18/7/2022,19/7/2022,nil,3/10/2022,3/10/2022,nil,NA,NA,nil,1.316200018,103.8503036,http://www.nea.gov.sg/images/default-source/Hawker-Centres-Division/resize_1265166819326.jpg,"Blk 41A, Cambridge Road, Singapore 211041",74,50,"More commonly known as Pek Kio Market and Food Centre, the hawker centre was built in 1981 to serve residents staying nearby.  The centre was upgraded in 2003 and currently houses 50 cooked food stalls and 74 market stalls. Many stalls offer delicious yet suprisingly affordable dishes. Get ready for a gastronomic experience!",Existing,https://goo.gl/maps/a25iLt3ayWXwcF4h7,nil
31,Changi Village Blk 2 and 3,3/1/2022,5/1/2022,nil,11/4/2022,13/4/2022,nil,11/7/2022,13/7/2022,nil,10/10/2022,14/10/2022,nil,NA,NA,nil,1.389719963,103.9881821,http://www.nea.gov.sg/images/default-source/Hawker-Centres-Division/resize_1267846802175.jpg,"Blk 2/3, Changi Village Road, Singapore 500002/500003",50,87,"Located at the eastern end of Singapore near to Changi Point Ferry Terminal and Changi Beach, the popular hawker centre draws food lovers from all over the island. Be wowed by the great variety of  hawker fare available e.g. Nasi Lemak, BBQ Seafood, Fried Wan Ton Noodles etc.  Built in 1975, this centre comprises 87 cooked food stalls and 50 market stalls.",Existing,https://goo.gl/maps/3GGsFAsupmBzCzxr7,nil
32,Chomp Chomp Food Centre,28/3/2022,30/3/2022,nil,27/6/2022,27/6/2022,nil,26/9/2022,28/9/2022,nil,19/12/2022,19/12/2022,nil,NA,NA,nil,1.36422801,103.8665314,http://www.nea.gov.sg/images/default-source/Hawker-Centres-Division/resize_1262155330191.jpg,"20, Kensington Park Road, Singapore 557269",0,36,"Located in Serangoon Gardens, Chomp Chomp Food Centre is well-known for its vibrant dinner and supper scene. Bustling with diners even till late at night, the 36 cooked food stalls in the small hawker centre serve popular local dishes such as Char Kway Teow, BBQ Chicken Wings, Seafood etc. This Centre attracts food lovers from all over the island.",Existing,https://goo.gl/maps/pyWpn9LsQMSBjdAU6,nil
33,Ci Yuan Hawker Centre,28/2/2022,28/2/2022,nil,30/5/2022,30/5/2022,nil,TBC,TBC,nil,TBC,TBC,nil,NA,NA,nil,1.3749377,103.8829472,http://www.nea.gov.sg/images/default-source/Hawker-Centres-Division/ci-yuan-hawker-centre.jpg,"51 Hougang Avenue 9, Singapore 538776",0,40,"Built in 2015, Ci Yuan hawker centre is the first to be built since 1985. The hawker centre is located at the 1st storey of Ci Yuan Community Club and comprises of 40 cooked food stalls. All the stalls are selling different food items and serving at least two items priced at $2.80 or below to ensure food price affordability. Ci Yuan hawker centre also has new facilities to accommodate the needs of different users to create a more pleasant dining experience for all.  These include family-friendly facilities such as child-friendly seating, point-of-sale system and self-payment kiosks.  For more information, please refer to: http://ciyuanhawker.com.sg/",Existing (new),https://goo.gl/maps/wBG3EnQ8P3DokJNWA,nil
34,Circuit Road Blk 79/79A,21/3/2022,22/3/2022,Blk 79 closed on 21 Mar 2022 and Blk 79A closed on 22 Mar 2022.,27/6/2022,28/6/2022,Blk 79 closed on 27 Jun 2022 and Blk 79A closed on 28 Jun 2022.,21/9/2022,29/9/2022,Blk 79 will be closed from 21 to 22 Sep 2022 and Blk 79A will be closed from 28 to 29 Sep 2022.,5/12/2022,6/12/2022,Blk 79 closed from 5 Dec 2022 and Blk 79A closed on 6 Dec 2022.,NA,NA,nil,1.326660037,103.8851166,http://www.nea.gov.sg/images/default-source/Hawker-Centres-Division/resize_1280824598.jpg,"Blk 79/79A, Circuit Road, Singapore 370079/371079",0,106,"Built in 1971, the hawker centre is sited beside the Pelton Canal in Paya Lebar. One of the three hawker centres at Ciruit Road, the centre comprises 106 cooked food stalls. After upgrading in 2010, a new outdoor refreshment area has been added to provide a unique alfresco dining experience to patrons.",Existing,https://goo.gl/maps/Zvz8HuSSj9LMW1GU6,nil
35,Circuit Road Blk 80 (80 Circuit Road Market and Food Centre),10/1/2022,10/1/2022,nil,11/4/2022,11/4/2022,nil,18/7/2022,20/7/2022,nil,17/10/2022,17/10/2022,nil,NA,NA,nil,1.327900052,103.8871536,http://www.nea.gov.sg/images/default-source/Hawker-Centres-Division/resize_1262153912521.jpg,"Blk 80, Circuit Road, Singapore 370080",43,16,"Built in 1967, the hawker centre at Blk 80 Circuit Road comprises 16 cooked food stalls and 43 market stalls. One of the three hawker centres serving the residents living in the vicinity of Circuit Road.",Existing,https://goo.gl/maps/vx66iiVq284rAG9n9,nil
36,Circuit Road Blk 89,28/3/2022,28/3/2022,nil,20/6/2022,20/6/2022,nil,5/9/2022,6/9/2022,nil,19/12/2022,19/12/2022,nil,NA,NA,nil,1.323639989,103.8855209,http://www.nea.gov.sg/images/default-source/Hawker-Centres-Division/resize_1262154127554.jpg,"Blk 89, Circuit Road, Singapore 370089",92,41,"Built in 1967, the hawker centre at Blk 89 Circuit Road comprises 40 cooked food stalls and 93 market stalls. One of the three hawker centres serving the residents living in the vicinity of Circuit Road.",Existing,https://goo.gl/maps/UNaidnv7oUtyPVcB8,nil
37,Clementi Ave 2 Blk 353 (Clementi Ave 2 Market/Cooked Food Centre),7/3/2022,8/3/2022,nil,6/6/2022,7/6/2022,nil,5/9/2022,6/9/2022,nil,19/12/2022,21/12/2022,nil,NA,NA,nil,1.314337969,103.7707748,http://www.nea.gov.sg/images/default-source/Hawker-Centres-Division/resize_1267847852167.jpg,"Blk 353, Clementi Ave 2, Singapore 120353",59,18,"Built in 1978, the hawker centre has evolved into a focal point for residents to dine and engage in social bonding. Blk 353 Clementi Ave 2 comprises 18 cooked food stalls and 96 market stalls.",Existing,https://goo.gl/maps/d4rjgxigfQwK3nTS9,nil
38,Clementi Ave 3 Blk 448,28/3/2022,29/3/2022,nil,30/5/2022,31/5/2022,nil,26/9/2022,27/9/2022,nil,21/11/2022,24/11/2022,nil,NA,NA,nil,1.313349962,103.7645874,http://www.nea.gov.sg/images/default-source/Hawker-Centres-Division/resize_1267848308255.jpg,"Blk 448, Clementi Ave 3, Singapore 120448",92,51,"Located in the town centre of Clementi, the hawker centre at Blk 448 Clementi Ave 3 is within walking distance from Clementi MRT station and the bus interchange. Good food offerings and its strategic location make the centre popular with diners.",Existing,https://goo.gl/maps/RVticbYp3ErnPe787,nil
39,Clementi West Street 2 Blk 726,21/2/2022,22/2/2022,nil,23/5/2022,26/5/2022,nil,29/8/2022,30/8/2022,nil,28/11/2022,29/11/2022,nil,NA,NA,nil,1.30391705,103.7641754,http://www.nea.gov.sg/images/default-source/Hawker-Centres-Division/resize_1262155262246.jpg,"Blk 726, Clementi West Street 2, Singapore 120726",135,60,"Built in 1980, the hawker centre at Blk 726 Clementi West Street 2 consists of 60 cooked food stalls and 135 market stalls. The centre is conveniently located in close proximity to schools, housing estates and shopping complex.",Existing,https://goo.gl/maps/F8MZAzyv6G2HiFMW9,nil
40,Commonwealth Crescent Market,21/2/2022,21/2/2022,nil,23/5/2022,23/5/2022,nil,29/8/2022,29/8/2022,nil,28/11/2022,30/11/2022,nil,NA,NA,nil,1.307432055,103.7994614,http://www.nea.gov.sg/images/default-source/Hawker-Centres-Division/resize_1265167388780.jpg,"31, Commonwealth Crescent, Singapore 149644",63,39,The 63 market stalls are located on the lower level while the 39 cooked food stalls are located on the upper level of this two-storey market. Built in 1965 to fulfill the marketing and dining needs of residents living in the mature estate of Commonwealth Drive.,Existing,https://goo.gl/maps/1UMnZAYx3DAoQAkk7,nil
41,Commonwealth Drive Blk 1A/2A/3A (Tanglin Halt Food Centre/Commonwealth Drive Food Centre),28/3/2022,28/3/2022,nil,TBC,TBC,nil,TBC,TBC,nil,TBC,TBC,nil,NA,NA,nil,1.299550056,103.7980194,http://www.nea.gov.sg/images/default-source/Hawker-Centres-Division/commonwealth.jpg,"Blk 1A/ 2A/ 3A, Commonwealth Drive, Singapore 140001/140002/140003",0,40,"Nestled within the established Tanglin Halt estate, the food centre was originally built in 1981. The three hexagonal blocks retain their unique shape after upgrading in 2009. A total of 40 cooked food stalls is housed within the centre.",Existing,https://goo.gl/maps/adPahbhacTLmDFZc7,nil
42,Dunman Food Centre,TBC,TBC,nil,30/5/2022,30/5/2022,nil,29/8/2022,29/8/2022,nil,28/11/2022,28/11/2022,nil,1/12/2021,28/2/2022,Repairs and Redecoration,1.309412003,103.901825,http://www.nea.gov.sg/images/default-source/Hawker-Centres-Division/resize_1262155459807.jpg,"271, Onan Road, Singapore 424768",0,30,"Built in 1974, Dunman Food Centre has since played a vital role in providing resonably-priced cuisines to the residents of Joo Chiat area. Upgraded in 2002, the centre comprises 30 cooked food stalls.",Existing,https://goo.gl/maps/cNXGNBNLSxyrhs478,nil
43,East Coast Lagoon Food Village,10/1/2022,10/1/2022,nil,11/4/2022,12/4/2022,nil,18/7/2022,18/7/2022,nil,10/10/2022,12/10/2022,nil,NA,NA,nil,1.307729959,103.9343033,http://www.nea.gov.sg/images/default-source/Hawker-Centres-Division/resize_1262155504536.jpg,"1220, East Coast Parkway, Singapore 468960",0,63,"Located in the south-eastern part of Singapore, the East Coast Lagoon Food Village offers a tropical resort ambience by the sea and a wide variety of local hawker food at reasonable prices. It is a favourite haunt among sports enthusiasts and families who wish to enjoy a sumptuous meal by the sea. Popular dishes include Satay, BBQ Seafood and Chicken Wings, Zi Char, Wan Ton Noodles, Satay Bee Hoon, Beef Noodles etc.  Rated as one of the food paradises in Singapore!",Existing,https://goo.gl/maps/yRRSQZoBwhkNYzhr7,nil
44,Empress Road Blk 7 (Empress Road Market and Food Centre),14/3/2022,14/3/2022,nil,6/6/2022,6/6/2022,nil,5/9/2022,5/9/2022,nil,28/11/2022,30/11/2022,nil,NA,NA,nil,1.316310048,103.805687,http://www.nea.gov.sg/images/default-source/Hawker-Centres-Division/resize_1262152572393.jpg,"Blk 7, Empress Road, Singapore 260007",68,40,"Built in 1976, the hawker centre at Blk 7 Empress Road comprises 40 cooked food stalls and 72 market stalls. Provides marketing and dining facilities to residents of Farrer estate.",Existing,https://goo.gl/maps/q1E2AYXsZretQvWT9,nil
45,Eunos Crescent Blk 4A,28/3/2022,29/3/2022,nil,18/7/2022,20/7/2022,nil,19/9/2022,20/9/2022,nil,19/12/2022,20/12/2022,nil,NA,NA,nil,1.320291996,103.9042206,http://www.nea.gov.sg/images/default-source/Hawker-Centres-Division/resize_1267873497497.jpg,"Blk 4A, Eunos Crescent, Singapore 402004",71,42,The hawker centre at Blk 4A Eunos Crescent is located within close proximity to the Eunos MRT station and bus interchange. Its strategic location coupled with a wide variety of food offerings results in high patronage especially during lunch and dinner hours.,Existing,https://goo.gl/maps/fYk7bQX2TssKBbzx9,nil
46,Geylang Bahru Blk 69 (Blk 69 Geylang Bahru Market and Food Centre),7/3/2022,8/3/2022,nil,6/6/2022,7/6/2022,nil,12/9/2022,13/9/2022,nil,12/12/2022,14/12/2022,nil,NA,NA,nil,1.321529984,103.8700714,http://www.nea.gov.sg/images/default-source/Hawker-Centres-Division/blk-69-geylang-bahru.jpg,"Blk 69, Geylang Bahru, Singapore 330069",127,84,"Located near amenities such as swimming pool, industrial parks, commercial shops and residential estates, Blk 69 Geylang Bahru is a focal point where patrons get to enjoy local hawker fare at affordable prices. The hawker centre was built in 1974 and houses 84 cooked food stalls cum 127 market stalls.",Existing,https://goo.gl/maps/cwHawH4fVnuL3bNX6,nil
47,Geylang Serai Market,21/3/2022,23/3/2022,nil,20/6/2022,22/6/2022,nil,5/9/2022,7/9/2022,nil,5/12/2022,8/12/2022,nil,NA,NA,nil,1.316888094,103.8974075,http://www.nea.gov.sg/images/default-source/Hawker-Centres-Division/resize_1262155542468.jpg,"1, Geylang Serai, Singapore 402001",302,63,"One of the most popular hawker centres in Singapore, especially with the Malay community! The hawker centre was upgraded in 2009 and currently comprises 63 cooked food stalls and 302 market stalls. Its design, which was conceived after close consultations with grassroots and stallholders, is reminiscent of rural Malay architecture. It is the third biggest hawker centre in Singapore based on stall count.",Existing,https://goo.gl/maps/GqnrSyki8jAQmoJKA,nil
48,Ghim Moh Road Blk 20,14/3/2022,15/3/2022,nil,6/6/2022,7/6/2022,nil,12/9/2022,13/9/2022,nil,12/12/2022,14/12/2022,nil,NA,NA,nil,1.311059952,103.7882919,http://www.nea.gov.sg/images/default-source/Hawker-Centres-Division/resize_1267848628803.jpg,"Blk 20, Ghim Moh Road, Singapore 270020",130,72,"Built in 1977, the hawker centre is famous for its wide spread of offerings such as Char Kway Teow, Chicken Rice, Soya Bean Drinks etc. 72 cooked food stalls and 158 market stalls at the hawker centre serve Ghim Moh  residents daily.",Existing,https://goo.gl/maps/PHr6KkuyKjGB6btu8,nil
49,Golden Mile Food Centre,10/1/2022,11/1/2022,nil,4/4/2022,5/4/2022,nil,11/7/2022,12/7/2022,nil,10/10/2022,13/10/2022,nil,NA,NA,nil,1.302873969,103.8638763,http://www.nea.gov.sg/images/default-source/Hawker-Centres-Division/resize_1262155571228.jpg,"505, Beach Road, Singapore 199583",111,112,"Home to lock-up stalls selling army stuff, Golden Mile Food Centre is a ""must go"" place if you are looking for affordable army / camping equipment. The food section located at the first and second levels definitely does not pale in comparison. It offers well-known local and international cuisines by 111 cooked food stalls. Fanciful food selection at great prices!",Existing,https://goo.gl/maps/CtsFxzyR4fwCY7Hy7,nil
50,Haig Road Blk 13/14 (Haig Road Market and Cooked Food Centre),7/3/2022,9/3/2022,nil,6/6/2022,8/6/2022,nil,12/9/2022,14/9/2022,nil,12/12/2022,15/12/2022,nil,NA,NA,nil,1.315189958,103.8956528,http://www.nea.gov.sg/images/default-source/Hawker-Centres-Division/resize_1267848993155.jpg,"Blk 13/14, Haig Road, Singapore 430013/430014",146,72,"Built in 1977, the hawker centre at Blk 13/14 Haig Road is easily visible from Changi Road. Comprising 72 cooked food stalls and 146 market stalls, its ideal location as well as the wide selection of affordable hawker fare have attracted many residents and working professionals around the vicinity.",Existing,https://goo.gl/maps/5ie9BkxCiEKvCNWF6,nil
51,Havelock Road Blk 22A/B (Havelock Road Cooked Food Centre),21/3/2022,21/3/2022,nil,25/6/2022,25/6/2022,nil,26/9/2022,26/9/2022,nil,19/12/2022,19/12/2022,nil,NA,NA,nil,1.288040042,103.829689,http://www.nea.gov.sg/images/default-source/Hawker-Centres-Division/resize_1262152823428.jpg,"Blk 22A/B, Havelock Road, Singapore 161022/162022",0,30,"Built in 1969, the standalone hawker centre located in the Havelock area comprises 30 cooked food stalls. It was upgraded in 2007.",Existing,https://goo.gl/maps/U77XXprQ1CEWKTRT9,nil
52,Holland Drive Blk 44 (Holland Drive Market and Food Centre),21/3/2022,22/3/2022,nil,20/6/2022,23/6/2022,nil,19/9/2022,20/9/2022,nil,19/12/2022,20/12/2022,nil,NA,NA,nil,1.308189988,103.7928391,http://www.nea.gov.sg/images/default-source/Hawker-Centres-Division/resize_1267849222112.jpg,"Blk 44, Holland Drive, Singapore 270044",61,45,"One of the last hawker centres to be built, Blk 44 Holland Drive has been serving the needs of residents since 1999. The two-storey hawker centre houses a market at the lower level and a food centre on the upper level. Conveniently located within walking distance from the Buona Vista MRT station.",Existing,https://goo.gl/maps/zCKhYoXRCw3WpUo7A,nil
53,Holland Village Market and Food Centre,14/3/2022,14/3/2022,nil,6/6/2022,6/6/2022,nil,12/9/2022,14/9/2022,nil,5/12/2022,5/12/2022,nil,NA,NA,nil,1.311102033,103.7949448,http://www.nea.gov.sg/images/default-source/Hawker-Centres-Division/resize_1267415509849.jpg,"1, Lorong Mambong, Singapore 277700",38,21,"Situated right in the heart of Holland Village, the hawker centre was built in the pre-war years. One of the hawker centres with the longest history in Singapore! Surrounded by restaurants and bistros, the hawker centre remains a popular choice for patrons with its offering of affordable hawker fare. Comprises 21 cooked food stalls and 48 market stalls.",Existing,https://goo.gl/maps/qEgtcmo2jZSLALL38,nil
54,Hougang Ave 1 Blk 105 (Hougang 105 Hainanese Village Centre),28/3/2022,29/3/2022,nil,6/6/2022,7/6/2022,nil,12/9/2022,13/9/2022,nil,12/12/2022,16/12/2022,nil,NA,NA,nil,1.354089975,103.890213,http://www.nea.gov.sg/images/default-source/Hawker-Centres-Division/resize_1259901634108.jpg,"Blk 105, Hougang Ave 1, Singapore 530105",120,51,"Also known as Hougang 105 Hainanese Village Centre, the hawker centre underwent a major facelift in 2005. A very popular hawker centre in the Hougang area, especially during the weekends. Serving the needs of both the residents of Lorong Ah Soo as well as the industrial area across at Defu Lane, there are currently 51 cooked food stalls and 120 market stalls within the centre.",Existing,https://goo.gl/maps/tryP2p2dgsPBwHuVA,nil
55,Hougang Street 21 Blk 209 (Kovan Hougang Market and Food Centre),21/2/2022,21/2/2022,nil,23/5/2022,24/5/2022,nil,29/8/2022,30/8/2022,nil,28/11/2022,2/12/2022,nil,NA,NA,nil,1.359079003,103.8859253,http://www.nea.gov.sg/images/default-source/Hawker-Centres-Division/resize_1267849628846.jpg,"Blk 209, Hougang Street 21, Singapore 530209",118,65,"Conveniently situated in the heartlands of Kovan, the hawker centre at Blk 209 Hougang Street 21 is minutes away from Kovan MRT. Built in 1983, the centre houses 65 cooked food stalls and 118 market stalls. Be prepared to queue for your favourite dish at the popular cooked food stalls within the hawker centre!",Existing,https://goo.gl/maps/8qhSVhqjSoe6dTNe9,nil
56,Jalan Batu Blk 4A (Blk 4A Jalan Batu Hawker Centre/Market),7/3/2022,8/3/2022,nil,20/6/2022,21/6/2022,nil,5/9/2022,6/9/2022,nil,28/11/2022,29/11/2022,nil,NA,NA,nil,1.302430034,103.8839798,http://www.nea.gov.sg/images/default-source/Hawker-Centres-Division/resize_1267874223880.jpg,"Blk 4A, Jalan Batu, Singapore 432004",53,52,"Built in 1969, Blk 4A Jalan Batu comprises both a market and food section. The centre houses 52 cooked food stalls and 53 market stalls.",Existing,https://goo.gl/maps/CBGnutiiCbRtKxMa6,nil
57,Jalan Bukit Merah Blk 112 (Blk 112 Jalan Bukit Merah Market and Food Centre),10/1/2022,10/1/2022,nil,4/4/2022,4/4/2022,nil,4/7/2022,4/7/2022,nil,3/10/2022,3/10/2022,nil,NA,NA,nil,1.280069947,103.8260727,http://www.nea.gov.sg/images/default-source/Hawker-Centres-Division/resize_1267874698833.jpg,"Blk 112, Jalan Bukit Merah, Singapore 160112",96,28,"Situated in the mature estate of Jalan Bukit Merah, the hawker centre at Blk 112 Jalan Bukit Merah satisfies both the marketing and dining needs of the residents nearby.",Existing,https://goo.gl/maps/N2pakYQF64JmiAc6A,nil
58,Jalan Bukit Merah Blk 6 (ABC Brickworks Market/Food Centre),7/3/2022,8/3/2022,nil,20/6/2022,21/6/2022,nil,19/9/2022,20/9/2022,nil,12/12/2022,13/12/2022,nil,NA,NA,nil,1.287009954,103.8081894,http://www.nea.gov.sg/images/default-source/Hawker-Centres-Division/resize_1267760203.jpg,"Blk 6, Jalan Bukit Merah, Singapore 150006",48,96,"Fondly known as ABC Brickworks Market, it is within close proximity to Alexandra Food Village and IKEA. The hawker centre, which was built in 1974, is another alternative for the residents of Queenstown and Bukit Merah.  Patrons can find delicious yet affordable hawker fare at the centre.",Existing,https://goo.gl/maps/oxhQxoVnYBgmvETRA,nil
59,Jalan Kukoh Blk 1 (Kukoh 21 Food Centre),28/2/2022,28/2/2022,nil,23/5/2022,23/5/2022,nil,22/8/2022,22/8/2022,nil,21/11/2022,21/11/2022,nil,NA,NA,nil,1.288319945,103.8399963,http://www.nea.gov.sg/images/default-source/Hawker-Centres-Division/resize_1267874440744.jpg,"Blk 1, Jalan Kukoh, Singapore 161001",0,21,"Built in 1969, Blk 1 Jalan Kukoh used to consist of both a market and food section. After upgrading in 2010, the centre was converted to a food centre with 21 cooked food stalls.",Existing,https://goo.gl/maps/cc3B35wLKYAFh6hV7,nil
60,Jurong East Ave 1 Blk 347 (Yuhua Market and Hawker Centre),7/3/2022,8/3/2022,nil,20/6/2022,21/6/2022,nil,19/9/2022,20/9/2022,nil,26/12/2022,27/12/2022,nil,NA,NA,nil,1.345360041,103.7315826,http://www.nea.gov.sg/images/default-source/Hawker-Centres-Division/resize_1275537901886.jpg,"Blk 347, Jurong East Ave 1, Singapore 600347",91,56,"Located near to the PIE exit (Jurong Town Hall Road), the hawker centre at Blk 347 Jurong East Ave 1 is popular with residents living in the area. A wide variety of food and market produce is offered at the hawker centre by the 56 cooked food stalls and 169 market stalls. It was built in 1984 to cater to the dining and marketing needs of residents.",Existing,https://goo.gl/maps/982iT24nEKUU33788,nil
61,Jurong East Street 24 Blk 254 (Yuhua Village Market and Food Centre),TBC,TBC,nil,TBC,TBC,nil,5/9/2022,6/9/2022,nil,12/12/2022,13/12/2022,nil,14/3/2022,31/5/2022,Repairs and Redecoration,1.343433023,103.7376862,http://www.nea.gov.sg/images/default-source/Hawker-Centres-Division/resize_1265167615307.jpg,"Blk 254, Jurong East Street 24, Singapore 600254",87,60,"Located near to the PIE exit (Jurong Town Hall Road), the hawker centre at Blk 254 Jurong East Street 24 serves the marketing and dining needs of residents living in Yuhua Village.  There are 60 cooked food stalls and 87 market produce stalls operating within the hawker centre. Originally built in 1983.",Existing,https://goo.gl/maps/DXaP841L19oQhtNG8,nil
62,Jurong West Hawker Centre,TBC,TBC,nil,TBC,TBC,nil,TBC,TBC,nil,TBC,TBC,nil,NA,NA,nil,1.341223,103.697374,http://www.nea.gov.sg/images/default-source/Hawker-Centres-Division/jurong-west-hawker-centre.jpg,"Blk 50, Jurong West St 61, Singapore 648202",14,34,"Completed in 2017, Jurong West Hawker Centre provides residents a comfortable and clean dining environment with natural ventilation and family-friendly features such as child-friendly toilet facilities and family-friendly seating, as well as tray-return facilities at accessible locations. To ensure affordable meals for the residents, all the stalls are serving at least two items priced at $2.80 or below.",Under Construction,https://goo.gl/maps/cEQ6DfWrvQ24cKFm7,nil
63,Jurong West Street 52 Blk 505,7/3/2022,8/3/2022,nil,6/6/2022,7/6/2022,nil,12/9/2022,13/9/2022,nil,12/12/2022,14/12/2022,nil,NA,NA,nil,1.349699974,103.7184601,http://www.nea.gov.sg/images/default-source/Hawker-Centres-Division/resize_1262155040710.jpg,"Blk 505, Jurong West Street 52, Singapore 640505",130,60,"The hawker centre at Blk 505 Jurong West Street 52 was built in 1985.  Located in the heart of the Jurong West estate, the centre serves patrons from the nearby residential flats and schools.  Last upgraded in 2009, the centre comprises a total of 190 stalls - 60 cooked food and 130 market stalls.",Existing,https://goo.gl/maps/m3LqaGZoRPxjgmrZ9,nil
64,Kallang Estate Fresh Market and Food Centre,14/3/2022,14/3/2022,nil,6/6/2022,6/6/2022,nil,12/9/2022,12/9/2022,nil,12/12/2022,14/12/2022,nil,NA,NA,nil,1.307112455,103.8841476,http://www.nea.gov.sg/images/default-source/Hawker-Centres-Division/resize_1262155698415.jpg,"17, Old Airport Road, Singapore 397972",78,16,"Located just minutes away from Blk 51 Old Airport Road, the Kallang Estate Fresh Market and Food Centre provides both dining and marketing services for Kallang residents. Built in 1959, the centre comprises 16 cooked food stalls and 78 market stalls.",Existing,https://goo.gl/maps/EmMR63uxXeu456nB8,nil
65,Kampung Admiralty Hawker Centre,21/3/2022,22/3/2022,nil,27/6/2022,28/6/2022,nil,12/9/2022,13/9/2022,nil,5/12/2022,7/12/2022,nil,NA,NA,nil,1.440119,103.800735,http://www.nea.gov.sg/images/default-source/Hawker-Centres-Division/kampung-admiralty-hawker-centre.jpg,"Blk 676, Woodlands Drive 71, Singapore 730676",0,43,"Built in 2017, the Kampung Admiralty Hawker Centre is a communal dining space which allows patrons to feast on Singapores favourite street food while learning the cultural diversity of our local food.  The centre consists of 43 cooked food stalls.  The centre features natural ventilation, family-friendly features, such as child-friendly toilet facilities.",Existing (new),https://goo.gl/maps/1oSw88k83XpFMAMJ8,nil
66,Marine Parade Central Blk 84 (84 Marine Parade Central Market and Food Centre),21/2/2022,22/2/2022,nil,4/5/2022,5/5/2022,nil,12/9/2022,15/9/2022,nil,12/12/2022,13/12/2022,nil,NA,NA,nil,1.302330017,103.9063873,http://www.nea.gov.sg/images/default-source/Hawker-Centres-Division/resize_1267875360164.jpg,"Blk 84, Marine Parade Central, Singapore 440084",143,55,"Located across Parkway Parade Shopping Centre, the hawker centre has been around since 1976. It is popular with patrons throughout the day. A wide variety of local food is available at the hawker centre including Char Kway Teow, Beef Noodles, Economical Rice, Desserts etc.  Comprises 55 cooked food stalls and 143 market stalls.",Existing,https://goo.gl/maps/NydiqM9WMSnLKTcA9,nil
67,Marine Terrace Blk 50A (50A Marine Terrace),14/3/2022,15/3/2022,nil,6/6/2022,7/6/2022,nil,5/9/2022,6/9/2022,nil,28/11/2022,1/12/2022,nil,NA,NA,nil,1.305809975,103.9157867,http://www.nea.gov.sg/images/default-source/Hawker-Centres-Division/resize_1262153165514.jpg,"Blk 50A, Marine Terrace, Singapore 441050",87,24,Built in 1975 to serve the residents living within the Marine Terrace estate. The hawker centre is located just next to the Marine Parade Town Council. Comprises 24 cooked food stalls and 87 market stalls.,Existing,https://goo.gl/maps/RSpC6f5gHC4TufUo6,nil
68,Market Street Hawker Centre,TBC,TBC,nil,18/6/2022,18/6/2022,nil,17/9/2022,17/9/2022,nil,17/12/2022,17/12/2022,nil,31/3/2022,31/3/2022,This hawker centre will commence operations on 1 Apr 2022.,1.2840757,103.8501046,http://www.nea.gov.sg/images/default-source/hawker-centres-division/market-street-hawker-centre.jpg,"CapitaSpring, 86 Market Street, Singapore 048947",0,56,"Located next to Raffles Place MRT Station, Market Street Hawker Centre is housed on the second and third levels of CapitaSpring Building. With 56 cooked food stalls spread over these two levels, patrons visiting the business district may enjoy a good variety of delicious local hawker fare. It is quite a common sight to see crowds, especially during lunch hours from Mondays to Fridays.",Existing,nil,nil
69,Marsiling Lane Blk 20/21,7/3/2022,8/3/2022,nil,6/6/2022,7/6/2022,nil,5/9/2022,6/9/2022,nil,19/12/2022,21/12/2022,nil,NA,NA,nil,1.443989992,103.7772598,http://www.nea.gov.sg/images/default-source/Hawker-Centres-Division/resize_1262152527264.jpg,"Blk 20/21, Marsiling Lane, Singapore 730020/730021",112,52,"Built in 1975, the hawker centre at Blk 20/21 Marsiling Road houses 52 cooked food stalls and 112 market stalls.  Upgraded in 2009.",Existing,https://goo.gl/maps/nYC5TqgCVJgYyvfP6,nil
70,Marsiling Mall Hawker Centre,14/3/2022,15/3/2022,nil,13/6/2022,14/6/2022,nil,19/9/2022,20/9/2022,nil,12/12/2022,14/12/2022,nil,NA,NA,nil,1.433543,103.779881,http://www.nea.gov.sg/images/default-source/Hawker-Centres-Division/mmhc.jpg,"Blk 4,Woodlands St 12,Singapore738623",0,70,"Built in 2017, and located close to the heart of Woodlands, Marsiling Mall Hawker Centre offers residents convenient access to a variety of good and affordable hawker food. This hawker centre is also situated adjacent to Woodlands Sports Centre, bringing hawker food to the doorstep of sports facility users.",Existing (new),https://goo.gl/maps/Rc9a9cNvaAqvN3bn6,nil
71,Maxwell Food Centre (Kim Hua Market),14/3/2022,14/3/2022,nil,6/6/2022,6/6/2022,nil,19/9/2022,21/9/2022,nil,19/12/2022,19/12/2022,nil,NA,NA,nil,1.280550957,103.8444595,http://www.nea.gov.sg/images/default-source/Hawker-Centres-Division/resize_1262155734465.jpg,"1, Kadayanallur Street, Singapore 069184",0,103,"Maxwell Food Centre began its roots in 1935. One of the iconic hawker centres in Singapore, the food centre now consists of 103 cooked food stalls. Popular hawker fare such as Chicken Rice, Tapioca Kueh, Porridge, Desserts and more can be found here.",Existing,https://goo.gl/maps/xN3zBUH1zDAKs5AH6,nil
72,Mei Chin Road Blk 159 (Mei Chin Road Market),21/3/2022,22/3/2022,nil,6/6/2022,7/6/2022,nil,12/9/2022,13/9/2022,nil,19/12/2022,21/12/2022,nil,NA,NA,nil,1.293300033,103.8029633,http://www.nea.gov.sg/images/default-source/Hawker-Centres-Division/resize_1262154581891.jpg,"Blk 159, Mei Chin Road, Singapore 140159",66,47,"Built in 1970 to serve the Mei Ling estate, the hawker centre at Blk 159 Mei Chin Road was upgraded in 2009 to improve circulation space and ventilation. Comprises 47 cooked food stalls and 66 market stalls.",Existing,https://goo.gl/maps/AZhzQXxPTsF8mU669,nil
73,New Market Road Blk 32 (People's Park Food Centre),7/3/2022,8/3/2022,nil,6/6/2022,7/6/2022,nil,5/9/2022,6/9/2022,nil,5/12/2022,6/12/2022,nil,NA,NA,nil,1.284870982,103.8425903,http://www.nea.gov.sg/images/default-source/Hawker-Centres-Division/resize_1265168123284.jpg,"Blk 32, New Market Road, Singapore 050032",0,87,"Fondly known as People's Park Complex, it is located right in the heart of the bustling Chinatown. It is a favourite haunt for elderly folks to catch up and enjoy a delicious yet affordable meal.  Extremely accessible by bus or MRT. Upgraded in 2005, it has 87 cooked food stalls located on the ground floor. The second and third floors comprise HDB shops selling fabrics, fashion and home wares.",Existing,https://goo.gl/maps/XMk5ztrP752Kajb7A,nil
74,New Upper Changi Road Blk 208B,21/3/2022,22/3/2022,nil,TBC,TBC,nil,19/9/2022,20/9/2022,nil,19/12/2022,20/12/2022,nil,4/5/2022,28/6/2022,Repairs and Redecoration,1.324629,103.930477,http://www.nea.gov.sg/images/default-source/Hawker-Centres-Division/bedok-interchange-hawker-centre.jpg,"Blk 208B, New Upper Changi Road, Singapore 462208",0,70,"Completed in 2014, this new food centre replaces the hawker centre at Blk 207 Upper Changi Road.  Also know as Bedok Interchange Hawker Centre,  it houses more seating areas for diners, more parking lots at the adjacent multi-storey carpark, and high-volume, low-speed cooling fans to provide patrons a more comfortable and cooler dining experience.  The centre also has NETS cashless payment system implemented at food stalls and free wireless internet connection via Wireless@SG for the convenience of patrons.",Existing,https://goo.gl/maps/PiJvSgpkcnWymhmx7,nil
75,New Upper Changi Road Blk 58,7/3/2022,7/3/2022,nil,6/6/2022,6/6/2022,nil,12/9/2022,12/9/2022,nil,28/11/2022,2/12/2022,nil,NA,NA,nil,1.32516551,103.940155,http://www.nea.gov.sg/images/default-source/Hawker-Centres-Division/resize_1262153263293.jpg,"Blk 58, New Upper Changi Road, Singapore 461058",147,48,"Comprising a market produce and cooked food section, the hawker centre at Blk 58 New Upper Changi Road was built in 1978 to serve the marketing and dining needs of patrons living in Bedok South. Especially popular during the breakfast and lunch hours.",Existing,https://goo.gl/maps/5gG523R9LyQ89KWLA,nil
76,Newton Food Centre,14/3/2022,15/3/2022,nil,6/6/2022,7/6/2022,nil,18/8/2022,20/8/2022,nil,5/12/2022,6/12/2022,nil,NA,NA,nil,1.312224984,103.8397293,http://www.nea.gov.sg/images/default-source/Hawker-Centres-Division/resize_1262155777485.jpg,"500, Clemenceau Ave North, Singapore 229495",0,83,"Popular with both locals and tourists alike.  Often rated by foodies as one of the best hawker centres in Singapore, Newton Food Centre is well known for dishes like BBQ Seafood, Hokkien Mee, Po Piah, Satay, Fried Carrot Cake etc.  Extremely crowded during dinner and supper time, this is definitely a hawker centre that you must visit!  Located in the Cairnhill / Newton area and a stone's throw away from Newton MRT.",Existing,https://goo.gl/maps/qeDc8Kn2Yo85NpZ2A,nil
77,North Bridge Road Market,21/2/2022,22/2/2022,nil,9/5/2022,9/5/2022,nil,29/8/2022,31/8/2022,nil,14/11/2022,14/11/2022,nil,NA,NA,nil,1.305847049,103.8638611,http://www.nea.gov.sg/images/default-source/Hawker-Centres-Division/resize_1262155297184.jpg,"861, North Bridge Road, Singapore 198783",82,37,Originally built in 1973 as a two-storey building. North Bridge Road Market was converted into a single-storey hawker centre after its upgrading in 2005. The centre now comprises 37 cooked food stalls and 82 market stalls.,Existing,https://goo.gl/maps/CXZqNHAyE9ojju4t7,nil
78,Old Airport Road Blk 51 (51 Old Airport Road Food Centre and Shopping Mall),21/3/2022,24/3/2022,nil,13/6/2022,16/6/2022,nil,19/9/2022,22/9/2022,nil,19/12/2022,22/12/2022,nil,NA,NA,nil,1.308279991,103.8858414,http://www.nea.gov.sg/images/default-source/Hawker-Centres-Division/resize_1262153198645.jpg,"Blk 51, Old Airport Road, Singapore 390051",54,168,"The renowned Blk 51 Old Airport Road is famed for its excellent yet affordable food. Built in 1973, it consists of 168 cooked food stalls on the ground level and 54 lock-up stalls on the second level. The large number of cooked food stalls serve up an amazing array of cuisines, from local hawker fare to international food. Get thrilled by the gastronomic experience offered by the numerous stalls!",Existing,https://goo.gl/maps/HG2MPcSttQtTvJbg7,nil
79,Our Tampines Hub,4/1/2022,5/1/2022,nil,5/4/2022,6/4/2022,nil,5/7/2022,6/7/2022,nil,4/10/2022,5/10/2022,nil,NA,NA,nil,1.352983,103.940231,http://www.nea.gov.sg/images/default-source/Hawker-Centres-Division/our-tampines-hub.jpg,"1 Tampines Walk, Singapore 528523",0,42,"Built in 2016, the hawker centre at Our Tampines Hub (OTH) consists of 42 cooked food stalls and allows patrons of all ages to enjoy affordable food in a pleasant dining environment.  Located at the 1st storey of OTH, the naturally ventilated hawker centre is designed to be family-friendly with features such as child-friendly toilet facilities and family-friendly seating. It is also designed with built-in tray return facilities at accessible locations to allow patrons to return their trays with ease.  Being the first 24-hour hawker centre in Tampines, it provides residents with all-day affordable dining options.",Existing (new),https://goo.gl/maps/VkRCyuv3EmHHRXXY7,nil
80,Pasir Panjang Food Centre,28/2/2022,28/2/2022,nil,6/6/2022,7/6/2022,nil,29/8/2022,29/8/2022,nil,21/11/2022,21/11/2022,nil,NA,NA,nil,1.275658965,103.7915573,http://www.nea.gov.sg/images/default-source/Hawker-Centres-Division/resize_1262155813373.jpg,"121, Pasir Panjang Road, Singapore 118543",0,45,"Situated along Pasir Panjang Road and near to industrial estates, the food centre comprises 45 cooked food stalls and serves a variety of hawker fare including BBQ Seafood and Zi Char. Built in 1978.",Existing,https://goo.gl/maps/s4hcBJxpBkBjf7ix7,nil
81,Pasir Ris Central Hawker Centre,21/2/2022,22/2/2022,nil,23/5/2022,24/5/2022,nil,22/8/2022,23/8/2022,nil,21/11/2022,23/11/2022,nil,NA,NA,nil,1.373318,103.951364,http://www.nea.gov.sg/images/default-source/Hawker-Centres-Division/pasir-ris-central-hawker-centre.jpg,"Blk 110, Pasir Ris Central, Singapore 519641",0,42,"Completed in Jan 2018, Pasir Ris Central Hawker Centre is a centre which houses 42 cooked food stalls across two levels. On the ground floor, 20 cooked food stalls will serve a variety of local hawker fare, while on the upper floor there will be 22 cooked food stalls serving modern cuisines. Along with a family dining area with child-friendly tables and chairs, and handicap friendly access, this centre also offers cashless payments.",Existing (new),https://goo.gl/maps/jKsUm747tTNARdJu8,nil
82,Queen Street Blk 270 (Albert Centre),7/3/2022,8/3/2022,nil,6/6/2022,8/6/2022,nil,12/9/2022,13/9/2022,nil,5/12/2022,6/12/2022,nil,NA,NA,nil,1.301120043,103.8541412,http://www.nea.gov.sg/images/default-source/Hawker-Centres-Division/resize_1267850253199.jpg,"Blk 270, Queen Street, Singapore 180270",148,86,"Strategically located near places of interests like the famous Guan Yin Temple and Bugis Village, the hawker centre is popular with both locals and tourists alike. A wide array of good local cuisines is served by well-known stalls operating at the hawker centre.  The hawker centre is also famous for dried seafood items and textiles, sold at the lock-up stalls withiin the market section.",Existing,https://goo.gl/maps/1whYJbmF3bLSQcjV8,nil
83,Redhill Lane Blk 79 (Redhill Market),21/3/2022,22/3/2022,nil,20/6/2022,21/6/2022,nil,19/9/2022,20/9/2022,nil,19/12/2022,20/12/2022,nil,NA,NA,nil,1.287909985,103.8183975,http://www.nea.gov.sg/images/default-source/Hawker-Centres-Division/resize_1262153664347.jpg,"Blk 79, Redhill Lane, Singapore 150079",122,0,"Built in 1969, the standalone market offers a variety of fresh market produce to serve the needs of Redhill residents. The centre was upgraded in 2005 and comprises 122 market stalls.  Within walking distance from Redhill MRT.",Existing,https://goo.gl/maps/oV1q9P4JbjTfcZvk6,nil
84,Redhill Lane Blk 85 (Redhill Food Centre),21/3/2022,22/3/2022,nil,20/6/2022,21/6/2022,nil,19/9/2022,20/9/2022,nil,19/12/2022,20/12/2022,nil,NA,NA,nil,1.287400007,103.8183975,http://www.nea.gov.sg/images/default-source/Hawker-Centres-Division/resize_1262153717849.jpg,"Blk 85, Redhill Lane, Singapore 150085",0,96,"Build in 1972 to complement the market next door, Blk 85 Redhill Lane is a standalone food centre comprising 96 cooked food stalls. A good variety of food can be found within the hawker centre.  Within walking distance from Redhill MRT.",Existing,https://goo.gl/maps/AyBPvEx2ob1dgaPG8,nil
85,Sembawang Hills Food Centre (Jalan Leban Food Centre),3/1/2022,5/1/2022,nil,11/4/2022,11/4/2022,nil,11/7/2022,11/7/2022,nil,10/10/2022,10/10/2022,nil,NA,NA,nil,1.372419953,103.8290329,http://www.nea.gov.sg/images/default-source/Hawker-Centres-Division/resize_1262155861677.jpg,"590, Upper Thomson Road, Singapore 574419",0,36,"Built in 1974, this centre is nestled along Upper Thomson Road and offers a wide variety of food such as Fish / Seafood Soup, Char Kway Teow, Ngoh Hiang, Pasta etc.  The centre comprises 36 cooked food stalls.",Existing,https://goo.gl/maps/1Prs8uB9sBv4AfZj7,nil
86,Serangoon Garden Market,14/3/2022,14/3/2022,nil,16/6/2022,17/6/2022,nil,22/9/2022,22/9/2022,nil,20/12/2022,20/12/2022,nil,NA,NA,nil,1.363540053,103.8669815,http://www.nea.gov.sg/images/default-source/Hawker-Centres-Division/resize_1262156095817.jpg,"49A, Serangoon Garden Way, Singapore 555945",36,46,"Within walking distance from the famous Chomp Chomp Food Centre, the spacious Serangoon Garden Market is an alternative food paradise where residents satisfy their palates.  Equipped also with a market produce section, patrons can discover true gems within the centre.  Take a look around and you can't miss those stalls that are highly rated by food gurus!",Existing,https://goo.gl/maps/SaRrgobEjCc3j7uZ9,nil
87,Shunfu Road Blk 320 (Shunfu Mart),TBC,TBC,nil,TBC,TBC,nil,5/9/2022,5/9/2022,nil,5/12/2022,5/12/2022,nil,28/2/2022,26/5/2022,Repairs and Redecoration,1.351819992,103.8370285,http://www.nea.gov.sg/images/default-source/Hawker-Centres-Division/resize_1259901832200.jpg,"Blk 320, Shunfu Road, Singapore 570320",51,31,"Built in 2000, the hawker centre at Blk 320 Shunfu Road is the last hawker centre to be built. Also known as Shunfu Mart, the centre houses 31 cooked food stalls and 51 market stalls.",Existing,https://goo.gl/maps/SBvivyjxC57GYys49,nil
88,Sims Place Blk 49 (Sims Vista Market and Food Centre),7/3/2022,8/3/2022,nil,6/6/2022,7/6/2022,nil,12/9/2022,13/9/2022,nil,12/12/2022,14/12/2022,nil,NA,NA,nil,1.317100048,103.8793793,http://www.nea.gov.sg/images/default-source/Hawker-Centres-Division/resize_1262153128123.jpg,"Blk 49, Sims Place, Singapore 380049",78,66,"Also known as Sims Vista Market and Food Centre, the hawker centre is nestled within the idyllic Sims Vista estate. Originally built in 1976, the hawker centre was upgraded in 2006 to improve its physical facade and provide a more hygienic environment for both stallholders and patrons alike. 66 cooked food stalls and 78 market stalls serve patrons of the hawker centre.",Existing,https://goo.gl/maps/3RhWDZHLJAC48ZGD6,nil
89,Smith Street Blk 335 (Chinatown Complex Market),21/2/2022,23/2/2022,nil,9/5/2022,10/5/2022,nil,15/8/2022,16/8/2022,nil,14/11/2022,15/11/2022,nil,NA,NA,nil,1.282299995,103.8428802,http://www.nea.gov.sg/images/default-source/Hawker-Centres-Division/resize_1265168178798.jpg,"Blk 335, Smith Street, Singapore 050335",477,226,"Original built in 1983, Blk 335 Smith Street is also commonly known as Chinatown Complex. It is the largest hawker centre in Singapore comprising a total of 703 stalls! After upgrading in 2008, the building has been transformed into an architecture of strong Chinese influence with a modern twist. Situated in the Chinatown area, the centre now comes with better amenities and increased seating capacity. A favourite hang-out place for residents to reminisce good old days while enjoying the wide array of local dishes offered.",Existing,https://goo.gl/maps/jbbCi7TsmYt9KB9j6,nil
90,Taman Jurong Market and Food Centre,28/2/2022,1/3/2022,nil,23/5/2022,24/5/2022,nil,22/8/2022,23/8/2022,nil,28/11/2022,30/11/2022,nil,NA,NA,nil,1.334681034,103.7216187,http://www.nea.gov.sg/images/default-source/Hawker-Centres-Division/resize_1262156147897.jpg,"3, Yung Sheng Road, Singapore 618499",58,122,"Taman Jurong Market and Food Centre is an amalgamation of  3 hawker centres, namely Corporation Drive Market, Yung Sheng Food Centre and Corporation Drive Food Centre. Comprises 123 cooked food stalls and 57 market stalls.",Existing,https://goo.gl/maps/mdUQJgNKCyqB6umS8,nil
91,Tampines Street 11 Blk 137 (Tampines Round Market and Food Centre),21/3/2022,23/3/2022,nil,20/6/2022,24/6/2022,nil,19/9/2022,21/9/2022,nil,12/12/2022,14/12/2022,nil,NA,NA,nil,1.345595956,103.9445953,http://www.nea.gov.sg/images/default-source/Hawker-Centres-Division/resize_1262154543785.jpg,"Blk 137, Tampines Street 11, Singapore 521137",99,45,"Blk 137 Tampines Street 11 is the only hawker centre in the Tampines area. Also commonly known as Tampines Round Market due to the unique circular shape of the hawker centre, it was built in 1982 to fulfill the marketing and dining needs of the resident in Tampines Town. Comprises 45 cooked food stalls and 99 market stalls. The hawker centre was voted by readers of Shin Min Daily as their favourite hawker centre for 2 years running (2008-2009) in the City Hawker Food Hunt contest.",Existing,https://goo.gl/maps/iFCHubresS9AvE1s9,nil
92,Tanglin Halt Market,21/3/2022,21/3/2022,nil,6/6/2022,6/6/2022,nil,12/9/2022,12/9/2022,nil,5/12/2022,7/12/2022,nil,NA,NA,nil,1.300850034,103.7976837,http://www.nea.gov.sg/images/default-source/Hawker-Centres-Division/resize_1262156211794.jpg,"48A, Tanglin Halt Road, Singapore 148813",89,28,"Built way back in 1964, Tanglin Halt Market is an iconic hawker centre within the Tanglin Halt estate. The hawker centre was given a facelift in 2003, and currently comprises 28 cooked food stalls and 89 market stalls.",Existing,https://goo.gl/maps/zfSSyBjJHQh4RczL6,nil
93,Tanjong Pagar Plaza Blk 6 (Blk 6 Tanjong Pagar Plaza Market and Food Centre),12/3/2022,12/3/2022,nil,18/6/2022,18/6/2022,nil,17/9/2022,17/9/2022,nil,15/12/2022,17/12/2022,nil,NA,NA,nil,1.276679993,103.8432312,http://www.nea.gov.sg/images/default-source/Hawker-Centres-Division/blk-6-tanjong-pagar-plaza.jpg,"Blk 6, Tanjong Pagar Plaza, Singapore 081006",108,52,"Located near the Tanjong Pagar Plaza, the hawker centre serves some of the locals' favourite dishes such as Hainanese Chicken Rice, Curry Fish Head and Seafood Soup. Built in 1977, the centre has 52 cooked food stalls and 108 market stalls to serve the needs of the patrons.",Existing,https://goo.gl/maps/QscF8oPAszZ2PCBs9,nil
94,Teban Gardens Road Blk 37A (Teban Gardens Market and Food Centre),7/3/2022,8/3/2022,nil,6/6/2022,7/6/2022,nil,29/8/2022,30/8/2022,nil,21/11/2022,23/11/2022,nil,NA,NA,nil,1.320517302,103.7420807,http://www.nea.gov.sg/images/default-source/Hawker-Centres-Division/resize_1262153022672.jpg,"Blk 37A, Teban Garden Road, Singapore 601037",52,28,"Located near Pandan Reservoir, the hawker centre comprises 28 cooked food stalls and 52 market stalls.  Built in 1976 to serve residents staying nearby.",Existing,https://goo.gl/maps/EWsfs4tFKyunzLYJ6,nil
95,Telok Blangah Crescent Blk 11 (11 Telok Blangah Crescent Market and Food Centre),28/3/2022,29/3/2022,nil,6/6/2022,7/6/2022,nil,12/9/2022,13/9/2022,nil,12/12/2022,14/12/2022,nil,NA,NA,nil,1.277439952,103.8187332,http://www.nea.gov.sg/images/default-source/Hawker-Centres-Division/resize_1267876741836.gif,"Blk 11, Telok Blangah Crescent, Singapore 090011",77,56,"The hawker centre was built in 1974 to serve the dining and marketing needs of residents living in the Telok Blangah area.  After its facelift in 2009, the upgraded centre boasts enhanced features such as ramps and wider circulation spaces for the physically challenged and elderly patrons.",Existing,https://goo.gl/maps/VtogxggnkseugiPU6,nil
96,Telok Blangah Drive Blk 79 (Telok Blangah Food Centre),21/2/2022,21/2/2022,nil,23/5/2022,23/5/2022,nil,22/8/2022,23/8/2022,nil,14/11/2022,14/11/2022,nil,NA,NA,nil,1.27342999,103.8076782,http://www.nea.gov.sg/images/default-source/Hawker-Centres-Division/resize_1262153497855.jpg,"Blk 79, Telok Blangah Drive, Singapore 100079",0,40,"Situated directly opposite the Telok Blangah Community Centre, the hawker centre is a convenient location where residents of Telok Blangah can get to enjoy palatable local cuisines at affordable rates from the 40 cooked food stalls.",Existing,https://goo.gl/maps/AZkXv5goqac3R85L8,nil
97,Telok Blangah Drive Blk 82 (Telok Blangah Market),21/2/2022,21/2/2022,nil,23/5/2022,23/5/2022,nil,22/8/2022,23/8/2022,nil,14/11/2022,14/11/2022,nil,NA,NA,nil,1.273980021,103.8079987,http://www.nea.gov.sg/images/default-source/Hawker-Centres-Division/resize_1262153608307.jpg,"Blk 82, Telok Blangah Drive, Singapore 100082",64,0,"Built in 1972, the standalone market at Blk 82 Telok Blangah Drive offers a variety of fresh produce where residents can fulfill their marketing needs. Comprises 144 market stalls.",Existing,https://goo.gl/maps/hGhqgJcc28mg3Y8b8,nil
98,Telok Blangah Rise Blk 36 (Telok Blangah Rise Market),10/1/2022,10/1/2022,nil,4/4/2022,4/4/2022,nil,4/7/2022,4/7/2022,nil,3/10/2022,3/10/2022,nil,NA,NA,nil,1.272660017,103.8221283,http://www.nea.gov.sg/images/default-source/Hawker-Centres-Division/resize_1267858653663.jpg,"Blk 36, Telok Blangah Rise, Singapore 090036",103,32,"Located near the scenic Mount Faber Park, the hawker centre has been serving the dining and marketing needs of residents in the vicinity since the 1970s.",Existing,https://goo.gl/maps/9oLUVz5YTo89aecs8,nil
99,Tiong Bahru Market,21/2/2022,22/2/2022,nil,9/5/2022,9/5/2022,nil,29/8/2022,29/8/2022,nil,14/11/2022,14/11/2022,nil,NA,NA,nil,1.284682989,103.832428,http://www.nea.gov.sg/images/default-source/Hawker-Centres-Division/resize_1262156378375.jpg,"30, Seng Poh Road, Singapore 168898",259,83,"Located in one of the oldest and most charming neighbourhoods, Tiong Bahru Market was built in 1950 as a single-storey centre.  The centre merged with Blk 84 and 84A Lim Liak Street during the upgrading in 2006, and was converted into a three-storey building: market stalls on the ground floor, cooked food stalls on the second floor and a carpark on the third. It is the fourth largest hawker centre in Singapore with 259 market stalls and 83 cooked food stalls! Well-known for the many popular stalls within the centre.",Existing,https://goo.gl/maps/dZTVeyS3jLSFJuAd9,nil
100,Toa Payoh Lorong 1 Blk 127 (Toa Payoh West Market and Food Court),7/3/2022,7/3/2022,nil,20/6/2022,23/6/2022,nil,3/10/2022,3/10/2022,nil,19/12/2022,19/12/2022,nil,NA,NA,nil,1.338160038,103.8447876,http://www.nea.gov.sg/images/default-source/Hawker-Centres-Division/resize_1262154499803.jpg,"Blk 127, Lorong 1 Toa Payoh, Singapore 310127",108,40,"Built in 1969, the two-storey hawker centre comprises 40 cooked food stalls and 108 market stalls. Well-known for hawker fare such as Chicken Rice, Hokkien Mee etc, the hawker centre serves both the dining and marketing needs of Toa Payoh residents.",Existing,https://goo.gl/maps/DMRGz69wfByXRKAC7,nil
101,Toa Payoh Lorong 4 Blk 74 (Toa Payoh Vista Market),21/2/2022,21/2/2022,nil,23/5/2022,23/5/2022,nil,15/8/2022,15/8/2022,nil,14/11/2022,17/11/2022,nil,NA,NA,nil,1.334619999,103.8520584,http://www.nea.gov.sg/images/default-source/Hawker-Centres-Division/resize_1262226848493.jpg,"Blk 74, Lorong 4 Toa Payoh, Singapore 310074",80,10,"Built in 1968, the hawker centre at Blk 74 Lorong 4 Toa Payoh comprises 10 cooked food stalls and 80 market stalls. Located near to Toa Payoh central and HDB Hub.",Existing,https://goo.gl/maps/JaXppTcD3kn7TLJZ9,nil
102,Toa Payoh Lorong 4 Blk 93,4/4/2022,4/4/2022,nil,4/7/2022,4/7/2022,nil,19/9/2022,21/9/2022,nil,21/11/2022,21/11/2022,nil,NA,NA,nil,1.338539958,103.8495712,http://www.nea.gov.sg/images/default-source/Hawker-Centres-Division/resize_1262154305312.jpg,"Blk 93, Lorong 4 Toa Payoh, Singapore 310093",32,28,"Built in 1967, the hawker centre at Blk 93 Lorong 4 Toa Payoh comprises 28 cooked food stalls and 32 market stalls. Originally a double-storey building, the centre was converted to a single-storey one after upgrading in 2009.",Existing,https://goo.gl/maps/FUVDesk5oUNPHnG37,nil
103,Toa Payoh Lorong 5 Blk 75,14/3/2022,14/3/2022,nil,20/6/2022,20/6/2022,nil,29/8/2022,29/8/2022,nil,28/11/2022,30/11/2022,nil,NA,NA,nil,1.336099982,103.8529968,http://www.nea.gov.sg/images/default-source/Hawker-Centres-Division/resize_1267878144152.jpg,"Blk 75, Lorong 5 Toa Payoh, Singapore 310075",0,36,"Built in 1968, this standalone food centre at Blk 75 Lorong 5 Toa Payoh comprises 36 cooked food stalls.",Existing,https://goo.gl/maps/nNbUfdiSeRQAAhCa7,nil
104,Toa Payoh Lorong 7 Blk 22 (Kim Keat Palm Market and Food Centre),7/3/2022,8/3/2022,nil,6/6/2022,7/6/2022,nil,12/9/2022,13/9/2022,nil,12/12/2022,15/12/2022,nil,NA,NA,nil,1.335289955,103.8570633,http://www.nea.gov.sg/images/default-source/Hawker-Centres-Division/resize_1265168256123.jpg,"Blk 22, Lorong 7 Toa Payoh, Singapore 310022",59,61,"Built in 1970, the hawker centre at Blk 22 Lorong 7 Toa Payoh serves the Kim Keat residents and nearby industrial parks. There are 61 cooked food stalls and 59 market stalls in the hawker centre.  Be pampered by delicious hawker fare such as Oyster Omelette, Fishball Noodles, Zi Char etc!",Existing,https://goo.gl/maps/pmALqsK9P9BCjP896,nil
105,Toa Payoh Lorong 8 Blk 210,10/1/2022,11/1/2022,nil,18/4/2022,19/4/2022,nil,18/7/2022,19/7/2022,nil,17/10/2022,19/10/2022,nil,NA,NA,nil,1.340330005,103.8544617,http://www.nea.gov.sg/images/default-source/Hawker-Centres-Division/resize_1267876959422.jpg,"Blk 210, Lorong 8 Toa Payoh, Singapore 310210",77,80,"Built in 1974, this hawker centre houses 80 cooked food stalls and 77 market stalls. One of the largest hawker centres in the Toa Payoh vicinity.",Existing,https://goo.gl/maps/oqhgNJdLFYkkho4u5,nil
106,Upper Boon Keng Road Blk 17 (Blk 17 Upper Boon Keng Market and Food Centre),10/1/2022,11/1/2022,nil,11/4/2022,12/4/2022,nil,25/7/2022,26/7/2022,nil,17/10/2022,19/10/2022,nil,NA,NA,nil,1.315089941,103.8716812,http://www.nea.gov.sg/images/default-source/Hawker-Centres-Division/resize_1262226056435.jpg,"Blk 17, Upper Boon Keng Road, Singapore 380017",60,84,"Upgraded in 2009, the hawker centre at Blk 17 Upper Boon Keng comprises 84 cooked food stalls and 60 market stalls. The hawker centre serves the nearby residential and industrial estates.",Existing,https://goo.gl/maps/BxLCTUkDR2w4wD4F9,nil
107,Upper Cross Street Blk 531A (Hong Lim Food Centre and Market),14/3/2022,15/3/2022,nil,20/6/2022,21/6/2022,nil,19/9/2022,20/9/2022,nil,12/12/2022,14/12/2022,nil,NA,NA,nil,1.284469962,103.8458633,http://www.nea.gov.sg/images/default-source/Hawker-Centres-Division/resize_1267878882405.jpg,"Blk 531A, Upper Cross Street, Singapore 051531",40,103,"Also known as Hong Lim Food Centre, the hawker centre is famous for dishes such as Bak Ku Teh, Crayfish Hor Fun, Curry Chicken Noodles, Fish Head Bee Hoon etc. Expect to see long queues at different stalls, especially during lunch hours. Apart from the 103 cooked food stalls, the hawker centre also has 40 market stalls to serve the needs of the residents in the vicinity.",Existing,https://goo.gl/maps/uurwLD9DnqdigYce6,nil
108,West Coast Drive Blk 502 (Ayer Rajah Market),7/3/2022,7/3/2022,nil,TBC,TBC,nil,19/9/2022,19/9/2022,nil,12/12/2022,13/12/2022,nil,9/5/2022,31/7/2022,Repairs and Redecoration,1.311959982,103.7591019,http://www.nea.gov.sg/images/default-source/Hawker-Centres-Division/resize_1265168297394.jpg,"Blk 502, West Coast Drive, Singapore 120502",40,0,"Also known as Ayer Rajah Market, the standalone market is located next to Ayer Rajah Food Centre. One of the last few hawker centres built, construction was completed in 1995 to complement Ayer Rajah Food Centre. There are 68 market stalls at the market to serve the West Coast area.",Existing,https://goo.gl/maps/dWso9emez66FrUyJ8,nil
109,West Coast Drive Blk 503 (Ayer Rajah Food Centre),7/3/2022,8/3/2022,nil,TBC,TBC,nil,19/9/2022,20/9/2022,nil,12/12/2022,15/12/2022,nil,9/5/2022,31/7/2022,Repairs and Redecoration,1.311869979,103.7598038,http://www.nea.gov.sg/images/default-source/Hawker-Centres-Division/resize_1265168322420.jpg,"Blk 503, West Coast Drive, Singapore 120503",0,80,"Also known as Ayer Rajah Food Centre, the standalone food centre was originally built in 1979.  The centre is located next to Ayer Rajah Market and currently houses 80 cooked food stalls to serve the West Coast area.",Existing,https://goo.gl/maps/HzZpoN9MxHR4ie9v6,nil
110,Whampoa Drive Blk 90 (Whampoa Drive Makan Place/Whampoa Food Centre),TBC,TBC,nil,TBC,TBC,nil,19/9/2022,21/9/2022,nil,13/12/2022,13/12/2022,nil,15/4/2022,14/7/2022,Repairs and Redecoration,1.323140025,103.8550415,http://www.nea.gov.sg/images/default-source/Hawker-Centres-Division/resize_1262154207158.jpg,"Blk 90, Whampoa Drive, Singapore 320090",12,80,"Known also as Whampoa Drive Makan Place, this is one hawker centre in Singapore which has become inceasingly famous over the years. Patrons can easily find popular stalls serving up excellent dishes to satisfy their palate. Be prepared to wait during peak hours as the premise is packed with diners!",Existing,https://goo.gl/maps/PQXB1ifE7PrnMbAf7,nil
111,Whampoa Drive Blk 91/92 (Whampoa Drive Makan Place/Whampoa Market),TBC,TBC,nil,TBC,TBC,nil,12/9/2022,13/9/2022,nil,12/12/2022,12/12/2022,nil,15/4/2022,14/7/2022,Repairs and Redecoration. Blk 91 Whampoa Drive R&R ends on 14 July 2022. Blk 92 Whampoa Drive R&R ends on 14 June 2022.,1.323490024,103.8541336,http://www.nea.gov.sg/images/default-source/Hawker-Centres-Division/resize_1262154257763.jpg,"Blk 91/92, Whampoa Drive, Singapore 320091/320092",112,52,"Known also as Whampoa Drive Makan Place, this is one hawker centre in Singapore which has become inceasingly famous over the years. Patrons can easily find popular stalls serving up excellent dishes to satisfy their palate. Be prepared to wait during peak hours as the premise is packed with diners!",Existing,https://goo.gl/maps/vERiFeXoGi8jDfjJ8,nil
112,Yishun Park Hawker Centre,7/3/2022,8/3/2022,nil,6/6/2022,7/6/2022,nil,5/9/2022,7/9/2022,nil,5/12/2022,6/12/2022,nil,NA,NA,nil,1.424911,103.844992,http://www.nea.gov.sg/images/default-source/Hawker-Centres-Division/yishun-hawker-centre.jpg,"Blk 51, Yishun Avenue 11, Singapore 768867",0,45,"Built in 2017, the hawker centre at Yishun Park consists of 45 cooked food stalls and allows patrons of all ages to enjoy affordable food in a pleasant dining environment.  The centre features natural ventilation, family-friendly features, such as child-friendly toilet facilities and family-friendly seating, and built-in tray-return facilities at accessible locations.",Existing (new),https://goo.gl/maps/jqWXYVF17BiAz7bP9,nil
113,Yishun Ring Road Blk 104/105 (Chong Pang Market and Food Centre),21/2/2022,22/2/2022,Blk 104 closed on 21 Feb 2022. Blk 105 closed on 22 Feb 2022.,6/6/2022,8/6/2022,Blk 104 closed on 6 Jun 2022 and Blk 105 closed from 7 Jun to 8 Jun 2022.,15/8/2022,16/8/2022,Blk 104 closed on 15 Aug 2022 and Blk 105 closed on 16 Aug 2022.,28/11/2022,29/11/2022,Blk 104 closed 28 Nov 2022 and Blk 105 closed on 29 Nov 2022.,15/3/2022,5/4/2022,Repairs and Redecoration for Blk 104 (wet market),1.43165803,103.8280716,http://www.nea.gov.sg/images/default-source/Hawker-Centres-Division/resize_1267438077554.jpg,"Blk 104/105, Yishun Ring Road, Singapore 760104/760105",123,56,"Built in 1984, the hawker centre comprises 56 cooked food stalls and 123 market stalls. Residents of Chong Pang patronise the centre for its wide selection of local cuisines.",Existing,https://goo.gl/maps/dPjV2SSaX9nEXV1u8,nil
114,Zion Riverside Food Centre,31/1/2022,31/1/2022,nil,17/5/2022,18/5/2022,nil,15/8/2022,16/8/2022,nil,21/11/2022,22/11/2022,nil,NA,NA,nil,1.29234004,103.8311844,http://www.nea.gov.sg/images/default-source/Hawker-Centres-Division/resize_1267879560483.jpg,"70, Zion Road, Singapore 247792",0,32,"Located opposite Great World City, Zion Riverside Food Centre boasts a huge reputation even with its relatively small footprint of 32 cooked food stalls. Built since 1976, patrons can find a variety of good food offerings at the centre. Popular with both locals and tourists alike.",Existing,https://goo.gl/maps/8kwxWX9gy3J3Mna58,nil
