NAME,LATITUDE,LONGITUDE,ADDRESS_MYENV,DESCRIPTION_MYENV,ADDRESSTYPE,ADDRESSBLOCKHOUSENUMBER,ADDRESSFLOORNUMBER,ADDRESSUNITNUMBER,ADDRESSSTREETNAME,ADDRESSPOSTALCODE,ADDRESSBUILDINGNAME,REGION,PHOTOURL,STATUS,RNR_STATUS,APPROXIMATE_GFA,AWARDED_DATE,CLEANINGENDDATE,CLEANINGSTARTDATE,DESCRIPTION,EST_ORIGINAL_COMPLETION_DATE,FMEL_UPD_D,HUP_COMPLETION_DATE,HYPERLINK,IMPLEMENTATION_DATE,INC_CRC,INFO_ON_CO_LOCATORS,LANDXADDRESSPOINT,LANDYADDRESSPOINT,NO_OF_FOOD_STALLS,NO_OF_MARKET_STALLS,point_lat,point_lon
Adam Road Food Centre,1.32413197,103.8141632,"2, Adam Road, Singapore 289876","Built in 1974, Adam Food Centre comprises 32 cooked food stalls.  Although small in size, the hawker centre has a huge reputation.  Popular food offered in the centre includes BBQ Seafood, Nasi Lemak, Prawn Noodles etc.",I,2,,,Adam Road,289876,,Central,http://www.nea.gov.sg/images/default-source/Hawker-Centres-Division/resize_1267437914368.jpg,Existing,Completed,941.5,,8/3/2021,8/3/2021,HUP Standard Upgrading,1974,20201228124030,30/4/2002,,,EC26BEAC3E135283,,25868.4,34041.56,32,0,1.32413422253318,103.814165010384
Aljunied Ave 2 Blk 117 (Blk 117 Aljunied Market and Food Centre),1.32070994,103.8870926,"Blk 117, Aljunied Ave 2, Singapore 380117","Next to Geylang East Swimming Complex and other amenities, the hawker centre caters to the marketing and dining needs of the residents at Geylang East. The centre was built in 1978 and comprises 79 cooked food stalls and 82 market stalls.",I,117,,,Aljunied Ave 2,380117,,East,http://www.nea.gov.sg/images/default-source/Hawker-Centres-Division/resize_1262154437879.jpg,Existing,Completed,,,16/3/2021,15/3/2021,HUP Standard Upgrading,15/9/1978,20201228124030,30/11/2005,,,AA7744C0698B5503,,33976.33,33656.16,79,82,1.32064829234987,103.88701902611
Amoy Street Food Centre (Telok Ayer Food Centre),1.27912903,103.8469849,"National Development Building, Annex B, Telok Ayer Street, Singapore 069111","Built in 1983, the two-storey food centre is located within the central business district.  Housing many well-known stalls, the centre has evolved into a favourite lunch venue for executives working near Shenton Way. Be spoilt by the choice of hawker fare at affordable prices!",I,,,,Telok Ayer Street,069111,National Development Building,Central,http://www.nea.gov.sg/images/default-source/Hawker-Centres-Division/resize_1265968760190.jpg,Existing,Completed,3539,,6/3/2021,6/3/2021,HUP Standard Upgrading,1983,20210202110628,17/2/2003,,,81106E057AD58646,,29478.87,29075,134,1,1.27921844263268,103.846606784092
Anchorvale Village Hawker Centre,,,,,,339,,,Anchorvale Road,,Anchorvale Village,,,Under Construction,#N/A,,27/4/2018,#N/A,#N/A,New Centre,2021,20201030102222,,,28/5/2018,F50A43DB61E0A594,hawker centre/supermarket/shops/flats,34139.8,42089.26,,,1.39691417603694,103.888489618777
Ang Mo Kio Ave 1 Blk 226D (Kebun Baru Market and Food Centre),1.36695004,103.8391876,"Blk 226D, Ang Mo Kio Ave 1, Singapore 564226","Located next to a food centre, the hawker centre at Block 226D Ang Mo Kio Ave 1 serves the marketing and dining needs of residents living in the Kebun Baru area. The centre was upgraded in 2010 and consists predominantly of market stalls.",I,226D,,,Ang Mo Kio Ave 1,564226,,North,http://www.nea.gov.sg/images/default-source/Hawker-Centres-Division/resize_1262154827180.jpg,Existing,Completed,,,17/3/2021,15/3/2021,HUP Standard Upgrading,13/10/1976,20201228124030,20/1/2010,,,0177924B7CFE8547,,28658.02,38757.950000000004,10,101,1.36678764523637,103.839231344066
Ang Mo Kio Ave 1 Blk 341 (Teck Ghee Court),1.36416996,103.84832,"Blk 341, Ang Mo Kio Ave 1, Singapore 560341","Located in the heart of Teck Ghee estate and opposite Bishan Park, the 32 cooked food stalls and 86 market stalls within the hawker centre remain a popular choice among patrons despite the availability of alternative marketing and dining facilities nearby.  Popular local dishes are whipped up daily to satisfy patrons' desires for good food!",I,341,,,Ang Mo Kio Ave 1,560341,,North,http://www.nea.gov.sg/images/default-source/Hawker-Centres-Division/resize_1275538105392.jpg,Existing,Completed,,,23/2/2021,22/2/2021,HUP Rebuilding,1979,20210120144530,1/3/2002,,,07D7927B60F85CB4,,29662.16,38461.340000000004,32,86,1.36410517096399,103.848254220438
Ang Mo Kio Ave 4 Blk 160/162 (Mayflower Market),1.37460005,103.839241,"Blk 160/162, Ang Mo Kio Ave 4, Singapore 560160/560162","Commonly known as Mayflower Market, the hawker centre was built in 1981. It comprises 40 cooked food stalls and 84 market stalls to serve the marketing and dining needs of residents.",I,160/162,,,Ang Mo Kio Ave 4,560160,,North,http://www.nea.gov.sg/images/default-source/Hawker-Centres-Division/resize_1265165416622.jpg,Existing,Completed,,,8/3/2021,8/3/2021,HUP Standard Upgrading,30/6/1981,20201228124030,31/12/2008,,,546287EB5558E5F0,,28656.12,39609.54,40,84,1.37448912101909,103.839214290038
Ang Mo Kio Ave 4 Blk 628 (Ang Mo Kio 628 Market),1.38066268,103.8407516,"Blk 628, Ang Mo Kio Ave 4, Singapore 560628","Originally built in 1979, the hawker centre is located opposite Yio Chu Kang CC and near schools, temples and residential flats.   After the upgrading in 2010, the rebuilt centre consists of  52 cooked food stalls and 166 market stalls to serve the marketingand dining needs of patrons.",I,628,,,Ang Mo Kio Ave 4,560628,,North,http://www.nea.gov.sg/images/default-source/Hawker-Centres-Division/blk-628-ang-mo-kio-ave-4.jpg,Existing,Completed,,,24/3/2021,22/3/2021,HUP Rebuilding,31/12/1979,20201228124030,16/12/2009,,,CE6A36B4D3B667DC,,28819.49,40332.23,52,166,1.38102486670548,103.840682307297
Ang Mo Kio Ave 6 Blk 724 (Blk 724 Ang Mo Kio Market),1.37204003,103.8464966,"Blk 724, Ang Mo Kio Ave 6, Singapore 560724","Located conveniently in the heart of the bustling Ang Mo Kio Town Centre, the hawker centre is always packed with patrons, especially during the weekends.  Be prepared to queue for your favourite food at popular stalls!",I,724,,,Ang Mo Kio Ave 6,560724,,North,http://www.nea.gov.sg/images/default-source/Hawker-Centres-Division/resize_1262155216756.jpg,Existing,Completed,,,16/3/2021,15/3/2021,HUP Reconfiguration,31/1/1980,20201228124030,2/1/2008,,,8285869DF4D5AD8A,,29469.07,39356.14,45,78,1.37219743270044,103.846519219268
Ang Mo Kio Ave 10 Blk 409 (Teck Ghee Square),1.36273003,103.8553772,"Blk 409, Ang Mo Kio Ave 10, Singapore 560409","Also known as Teck Ghee Square, it is one of the three hawker centres that are situated along Ang Mo Kio Ave 10. Built in 1979, the hawker centre comprises 40 cooked food stalls and 148 market stalls.",I,409,,,Ang Mo Kio Ave 10,560409,,North,http://www.nea.gov.sg/images/default-source/Hawker-Centres-Division/resize_1275538704472.jpg,Existing,Completed,,,16/3/2021,15/3/2021,HUP Standard Upgrading,31/7/1979,20201228124030,28/11/2011,,,6728AD942F81BF52,,30454.04,38313.590000000004,40,148,1.36276891777383,103.855369790045
Ang Mo Kio Ave 10 Blk 453A (Chong Boon Market and Food Centre),1.3682999599999999,103.8564377,"Blk 453A, Ang Mo Kio Ave 10, Singapore 561453","Built in 1979, the hawker centre at Blk 453A Ang Mo Kio Ave 10 consists of 38 cooked food stalls and 184 market stalls.",I,453A,,,Ang Mo Kio Ave 10,561453,,North,http://www.nea.gov.sg/images/default-source/Hawker-Centres-Division/resize_1259902043777.jpg,Existing,Completed,,,23/2/2021,22/2/2021,HUP Standard Upgrading,11/4/1979,20201228124030,1/1/2002,,,D0070B67519C64E8,,30563.28,38918.61,39,113,1.36824049310006,103.856351437414
Ang Mo Kio Ave 10 Blk 527 (Cheng San Market and Cooked Food Centre),1.37270999,103.8544464,"Blk 527, Ang Mo Kio Ave 10, Singapore 560527","Commonly known as Cheng San Market and Cooked Food Centre, Blk 527 Ang Mo Kio Ave 10 is one of the three hawker centres located along Ang Mo Kio Ave 10. The hawker centre was built in 1979 to serve the dining and marketing needs of nearby residents. Upgraded in 2004, it houses 50 cooked food stalls and 100 market stalls.",I,527,,,Ang Mo Kio Ave 10,560527,,North,http://www.nea.gov.sg/images/default-source/Hawker-Centres-Division/resize_1265165592824.jpg,Existing,Completed,,,8/1/2021,4/1/2021,HUP Reconfiguration,24/12/1979,20210222124820,21/2/2004,,,46587340036F14C9,,30355.32,39419.450000000004,50,100,1.37276992816898,103.854482811591
Ang Mo Kio Street 22 Blk 226H (Kebun Baru Food Centre),1.36726606,103.8399429,"Blk 226H, Ang Mo Kio Street 22, Singapore 568226","Commonly known as Kebun Bahru Food Centre, the food centre was built in 1976 to serve the dining needs of Kebun Baru residents. Comprises 29 cooked food stalls.",I,226H,,,Ang Mo Kio Street 22,568226,,North,http://www.nea.gov.sg/images/default-source/Hawker-Centres-Division/resize_1259901689557.jpg,Existing,Completed,,,17/3/2021,15/3/2021,HUP Reconfiguration,30/9/1976,20201228124030,13/12/2003,,,69908CB763858E35,,28738.350000000002,38806.88,29,0,1.36723014879667,103.839953165937
Bedok Food Centre,1.32035303,103.9554749,"1, Bedok Road, Singapore 469572","Located at the corner of Upper East Coast Road, Bedok Food Centre is a favourite haunt for residents in the vicinity and army personnel from nearby barracks. Upgraded in 2005, the fa?ade resembles that of an old Malay ""kampong"" house. Famous for hawker fare such as Hokkien Mee, Desserts, Malay Dishes and more, the hawker centre houses 32 cooked food stalls.",I,1,,,Bedok Road,469572,,East,http://www.nea.gov.sg/images/default-source/Hawker-Centres-Division/resize_1265176030572.jpg,Existing,Completed,1081.18,,15/3/2021,15/3/2021,HUP Rebuilding,1971,20210222124820,6/2/2005,,,5074BAFFD82E33A9,,41594.72,33624.11,32,0,1.32035600765426,103.955474150677
Bedok North Street 1 Blk 216,1.32711995,103.9332962,"Blk 216, Bedok North Street 1, Singapore 460216","Built in 1979, the hawker centre at Blk 216 Bedok North Street 1 comprises 82 cooked food stalls and 114 market stalls. A stone's throw away from Bedok Town Centre.",I,216,,,Bedok North Street 1,460216,,East,http://www.nea.gov.sg/images/default-source/Hawker-Centres-Division/resize_1262154705733.jpg,Existing,Completed,,,1/3/2021,1/3/2021,HUP Standard Upgrading,21/8/1979,20201228124030,15/12/2008,,,B8E4DB8C27AF61EC,,39118.19,34365.56,82,114,1.32706240888967,103.933221544751
Bedok North Street 3 Blk 511 (Kaki Bukit 511 Market and Food Centre),1.33331001,103.930687,"Blk 511, Bedok North Street 3, Singapore 460511","Built in 1979, the hawker centre at Blk 511 Bedok North Street 3 comprises 42 cooked food stalls and 83 market stalls to serve both the dining and marketing needs of residents living in the Kaki Bukit area. Be pampered by the wide selection of hawker fare!  Crowded during dinner and supper hours.",I,511,,,Bedok North Street 3,460511,,East,http://www.nea.gov.sg/images/default-source/Hawker-Centres-Division/resize_1265166047112.jpg,Existing,Completed,,,22/3/2021,22/3/2021,HUP Standard Upgrading,16/3/1979,20201228124030,1/7/2004,,,29D02D34BE6E3533,,38826.65,35049.33,42,83,1.33324627868937,103.930602144469
Bedok North Street 3 Blk 538,1.3321000299999999,103.9247208,"Blk 538, Bedok North Street 3, Singapore 460538","Built in 1979, the hawker centre at Blk 538 Bedok North Street 3 comprises 42 cooked food stalls and 134 market stalls. One of the popular hawker centres in the Bedok area.",I,538,,,Bedok North Street 3,460538,,East,http://www.nea.gov.sg/images/default-source/Hawker-Centres-Division/resize_1262227194623.jpg,Existing,Completed,,,15/3/2021,15/3/2021,HUP Standard Upgrading,30/4/1979,20201228124030,3/12/2010,,,F1A5DD5A0657A416,,38185.86,34887.31,42,134,1.33178125123252,103.924844235398
Bedok North Street 4 Blk 85 (85 Fengshan Centre),1.33205998,103.9388123,"Blk 85, Bedok North Street 4, Singapore 460085","A popular supper destination for night owls from all over the island.  The hawker centre features a wide array of hawker fare such as Bak Chor Mee, Porridge, BBQ Chicken Wings and Seafood, Fried Oysters etc.  Definitely a favourite haunt for the sleepless!",I,85,,,Bedok North Street 4,460085,,East,http://www.nea.gov.sg/images/default-source/Hawker-Centres-Division/resize_1267853253145.jpg,Existing,Completed,,,19/1/2021,18/1/2021,HUP Standard Upgrading,30/6/1977,20201228124030,20/12/2012,,,CFC780A138392E12,,39731.49,34910.13,72,170,1.33198706861747,103.938732580554
Bedok Reservoir Road Blk 630,1.33298004,103.9142075,"Blk 630, Bedok Reservoir Road, Singapore 470630","Located within walking distance from the Eunos Community Club, the centre is a convenient place which meets the dining and marketing needs of residents living at Bedok Reservoir Road. Upgraded in 2006, it houses 36 cooked food stalls and 75 market stalls.",I,630,,,Bedok Reservoir Road,470630,,East,http://www.nea.gov.sg/images/default-source/Hawker-Centres-Division/resize_1262155176127.jpg,Existing,Completed,,,8/3/2021,8/3/2021,HUP Rebuilding,30/6/1982,20210108151732,28/2/2006,,,BBA7FF2B83571757,,36985,35039.64,36,75,1.33315924777343,103.91405388831
Bedok South Road Blk 16,1.32055998,103.9355469,"Blk 16, Bedok South Road, Singapore 460016","Located near schools, factories and housing estates in the Bedok South area, this hawker centre is an accessible hotspot for patrons looking for an economical meal.",I,16,,,Bedok South Road,460016,,East,http://www.nea.gov.sg/images/default-source/Hawker-Centres-Division/resize_1267853021378.jpg,Existing,Completed,,,15/3/2021,15/3/2021,HUP Standard Upgrading,12/5/1975,20201228124030,20/9/2012,,,483F3877B6C39F03,,39376.14,33645.7,64,154,1.32055216480957,103.93553909635
Bendemeer Road Blk 29 (Bendemeer Market and Food Centre),1.31928003,103.8630905,"Blk 29, Bendemeer Road, Singapore 330029","Just a few minutes away from Boon Keng MRT station, the hawker centre is very popular with the nearby residents as well as the workers at Kallang Bahru Industrial Estate because of its location and affordable local cuisines.",I,29,,,Bendemeer Road,330029,,Central,http://www.nea.gov.sg/images/default-source/Hawker-Centres-Division/resize_1262226446535.jpg,Existing,Completed,,,2/3/2021,1/3/2021,HUP Standard Upgrading,17/3/1971,20201228124030,31/12/2004,,,A7DB5A3E7890C001,,31305.63,33497.85,88,105,1.31921699786807,103.863021377531
Beo Crescent Market,1.28848803,103.8272476,"38A, Beo Crescent, Singapore 169982","Located near to Tiong Bahru MRT station and PSB Academy, Beo Crescent Market/Food Centre was built in 1965.  The centre serves the mature estate of Havelock and Tiong Bahru area.",I,38A,,,Beo Crescent,169982,,Central,http://www.nea.gov.sg/images/default-source/Hawker-Centres-Division/resize_1267807628554.jpg,Existing,Completed,1733.074,,15/3/2021,15/3/2021,HUP Standard Upgrading,1965,20201228124030,18/1/2010,,,D232402BAAA907C0,,27336.64,30136.920000000002,32,62,1.28882210205212,103.827358017197
Berseh Food Centre,1.30733502,103.8568497,"166, Jalan Besar, Singapore 208877","Located along Jalan Besar Road, Berseh Food Centre houses 66 cooked food stalls. Built in 1975, the food centre presents an added nostalgic flavour with the rows of meticulously restored pre-war shophouses surrounding it.",I,166,,,Jalan Besar,208877,,Central,http://www.nea.gov.sg/images/default-source/Hawker-Centres-Division/resize_1265176120532.jpg,Existing,Completed,2568.95,,29/3/2021,29/3/2021,HUP Standard Upgrading,1975,20210108151732,5/3/2004,,,A7CCEB2CCB1FDD9A,,30619.27,32184.16,66,0,1.30733651651517,103.856853966617
Boon Lay Place Blk 221A/B (Boon Lay Place Market and Food Village),1.34528005,103.7128525,"Blk 221A/B, Boon Lay Place, Singapore 641221/642221","Located beside Boon Lay Shopping Centre, the hawker centre at Blk 221A/B Boon Lay Place provides marketing and dining amenities for residents living in Boon Lay. Built in 1976, the centre comprises 72 cooked food stalls and 94 market stalls.",I,221A/B,,,Boon Lay Place,641221,,West,http://www.nea.gov.sg/images/default-source/Hawker-Centres-Division/resize_1262154766447.jpg,Existing,Completed,,,6/4/2021,5/4/2021,HUP Reconfiguration,2/1/1976,20201228124030,1/8/2004,,,84F8C2B4934EB9E8,,14587.57,36373.79,72,94,1.3452231627967,103.712799765872
Buangkok Hawker Centre,,,,,,,,,Sengkang Central,,Sengkang Grand,,,Under Construction,#N/A,,18/9/2019,#N/A,#N/A,New Centre,2022,20201030102222,,,29/10/2019,0FFF4B5281FBBC71,hawker centre/community club/bus interchange/private residential and commercial units,34575.37,40482.99,,,1.38238755827879,103.892403203249
Buffalo Road Blk 665 (Tekka Centre/Zhu Jiao Market),1.30619001,103.8506699,"Blk 665, Buffalo Road, Singapore 210665","More commonly known as Tekka Centre, the hawker centre is a popular haunt for marketing and dining needs, especially with the Indian community. An amazing variety of fresh produce is sold at the market.  Built in 1980, it is the second largest hawker centre in Singapore housing more than 400 stalls. An iconic landmark in the Little India area!",I,665,,,Buffalo Road,210665,,Central,http://www.nea.gov.sg/images/default-source/Hawker-Centres-Division/resize_1262156313186.jpg,Existing,Completed,,,17/3/2021,15/3/2021,HUP Standard Upgrading,31/10/1980,20201228124030,30/6/2009,,,D09ADF34F104452B,,29915.58,32059.13,119,284,1.30620584090733,103.850530969624
Bukit Batok Hawker Centre,,,,,,,,,Bukit Batok West Avenue 6,,,,,Proposed,#N/A,,,#N/A,#N/A,New Centre,2024,20201030102222,,,,E3C2D62805C6EFB1,hawker centre/flats,17817.9,37478.450000000004,,,1.35521457121361,103.741825836536
Bukit Canberra Hawker Centre,,,,,,,,,,,Bukit Canberra,,,Under Construction,#N/A,,1/5/2018,#N/A,#N/A,New Centre,2020,20201030102222,,,17/5/2018,DA1BB82477F29397,hawker centre/Town Sports and Recreational Centre/Primary Care Centre & Senior Care Centre,26784.850000000002,47872.53,,,1.44921660555282,103.822399230842
Bukit Merah Central Blk 163 (Bukit Merah Central Food Centre),1.28374004,103.8171082,"Blk 163, Bukit Merah Central, Singapore 150163","Located in the heart of Bukit Merah Central, the food centre consists of 57 cooked food stalls. Extremely well liked by office executives working in the vicinity, the centre bustles with activity during lunch hours. Popular dishes include Ngoh Hiang, Chicken Rice, Teochew Porridge, Fish Soup, Char Kway Teow and Goreng Pisang. Be prepared to be spoilt for choice!",I,163,,,Bukit Merah Central,150163,,West,http://www.nea.gov.sg/images/default-source/Hawker-Centres-Division/resize_1267851995788.jpg,Existing,Completed,,,28/3/2021,27/3/2021,Opted out of HUP,5/5/1980,20201228124030,,,,16F0047AB3EFF0D5,,26183.03,29569.73,57,0,1.28369258928085,103.816992390295
Bukit Merah Lane 1 Blk 120 (Alexandra Village Food Centre),1.28636003,103.8045502,"Blk 120, Bukit Merah Lane, Singapore 150120","Opposite the Queenstown Shopping Centre, the hawker centre, also commonly known as Alexandra Food Village, is home to a number of ""yummylicious"" local dishes such as Chicken Rice, Claypot Laksa, Bak Ku Teh etc.",I,120,,,Bukit Merah Lane 1,150120,,West,http://www.nea.gov.sg/images/default-source/Hawker-Centres-Division/resize_1267852344747.jpg,Existing,Completed,,,1/3/2021,1/3/2021,HUP Standard Upgrading,14/9/1978,20201228124030,15/11/2010,,,98A3C26D532ADC3B,,24791.54,29857.81,88,0,1.28629777221659,103.804489277779
Bukit Merah View Blk 115 (Blk 115 Bukit Merah View Market and Food Centre),1.28524005,103.8223724,"Blk 115, Bukit Merah View, Singapore 151115","Built in 1973, the hawker centre comprises 84 cooked food stalls and 167 market produce stalls. Located in Henderson area and near to office buildings, schools and residential flats, it is one of the largest hawker centres in Bukit Merah.",I,115,,,Bukit Merah View,151115,,West,http://www.nea.gov.sg/images/default-source/Hawker-Centres-Division/resize_1267851251303.jpg,Existing,Completed,,,16/3/2021,15/3/2021,HUP Standard Upgrading,29/3/1973,20201228124030,28/2/2012,,,7A2BDBF57BE70366,,26745.83,29770.11,84,167,1.28550478314618,103.822049361292
Bukit Panjang Hawker Centre,1.378269,103.772432,"2 Bukit Panjang Ring Road, Singapore 679947","Bukit Panjang Hawker Centre & Market is one of the 10 new centres announced by the Government. Among the 10 centres, it is the second to start operations, after the Hougang Ci Yuan Hawker Centre. Bukit Panjang Hawker Centre & Market has 28 cooked food stalls, 14 market slab stalls and 14 lock-up stalls located on both floors of the two-storeyed building.  It also has a sundry store on the second floor.",,2,,,Bukit Panjang Ring Road,679947,,West,http://www.nea.gov.sg/images/default-source/Hawker-Centres-Division/bukit-panjang-hawker-centre.jpg,Existing (new),,4500,,10/3/2021,8/3/2021,New Centre,31/7/2015,20201228124030,,,,2FEB0DCCE5DE9A1A,,21230.49,39953.67,28,45,1.37760053528611,103.772489583206
Bukit Panjang North Hawker Centre,,,,,,,,,Senja Road,,,,,Under Construction,#N/A,,11/12/2018,#N/A,#N/A,New Centre,2021,20201030102222,,,1/3/2019,90C657600FF3D434,,19981.13,41006.57,,,1.38712226320812,103.76126288878
Bukit Timah Market,1.33964503,103.7758026,"51, Upper Bukit Timah Road, Singapore 588215","Located along Upper Bukit Timah Road, the two-storey hawker centre was built in 1975 and was upgraded in 2003. A popular hawker centre serving the dining and marketing needs of residents living around Toh Yi Drive. Well-known for the variety of hawker fare, the centre is usually packed with patrons during peak hours. Comprises 84 cooked food stalls and 94 market stalls.",I,51,,,Upper Bukit Timah Road,588215,,West,http://www.nea.gov.sg/images/default-source/Hawker-Centres-Division/resize_1265176195262.jpg,Existing,Completed,3310.64,,22/2/2021,22/2/2021,HUP Standard Upgrading,1975,20201228124030,2/1/2003,,,FD4DDC8C0627FE5B,,21620.5,35726.98,84,95,1.33937596351523,103.775995008012
Cambridge Road Blk 41A (Pek Kio Market and Food Centre),1.3162000200000001,103.8503036,"Blk 41A, Cambridge Road, Singapore 211041","More commonly known as Pek Kio Market and Food Centre, the hawker centre was built in 1981 to serve residents staying nearby.  The centre was upgraded in 2003 and currently houses 50 cooked food stalls and 74 market stalls. Many stalls offer delicious yet suprisingly affordable dishes. Get ready for a gastronomic experience!",I,41A,,,Cambridge Road,211041,,Central,http://www.nea.gov.sg/images/default-source/Hawker-Centres-Division/resize_1265166819326.jpg,Existing,Completed,,,18/1/2021,18/1/2021,HUP Reconfiguration,18/12/1981,20201228124030,7/3/2003,,,FBD170F3187867E7,,29881.53,33159.8,50,74,1.31615991374589,103.850225081031
Changi Village Blk 2 and 3,1.38971996,103.9881821,"Blk 2/3, Changi Village Road, Singapore 500002/500003","Located at the eastern end of Singapore near to Changi Point Ferry Terminal and Changi Beach, the popular hawker centre draws food lovers from all over the island. Be wowed by the great variety of  hawker fare available e.g. Nasi Lemak, BBQ Seafood, Fried Wan Ton Noodles etc.  Built in 1975, this centre comprises 87 cooked food stalls and 50 market stalls.",I,2&3,,,Changi Village Road,500002,,East,http://www.nea.gov.sg/images/default-source/Hawker-Centres-Division/resize_1267846802175.jpg,Existing,Completed,,,13/1/2021,11/1/2021,HUP Standard Upgrading,12/11/1975,20201228124030,28/12/2012,,,DC5973E88D2E0EE9,,45241.4,41231.42,87,50,1.38915172065006,103.988245749103
Chomp Chomp Food Centre,1.36422801,103.8665314,"20, Kensington Park Road, Singapore 557269","Located in Serangoon Gardens, Chomp Chomp Food Centre is well-known for its vibrant dinner and supper scene. Bustling with diners even till late at night, the 36 cooked food stalls in the small hawker centre serve popular local dishes such as Char Kway Teow, BBQ Chicken Wings, Seafood etc. This Centre attracts food lovers from all over the island.",I,20,,,Kensington Park Road,557269,,North,http://www.nea.gov.sg/images/default-source/Hawker-Centres-Division/resize_1262155330191.jpg,Existing,Completed,613.55,,31/3/2021,29/3/2021,HUP Standard Upgrading,1972,20210108151732,31/3/2004,,,FD83AAB049E46F25,,31696.72,38475,36,0,1.36422852315868,103.866536130299
Ci Yuan Hawker Centre,1.3749377,103.8829472,"51 Hougang Avenue 9, Singapore 538776","Built in 2015, Ci Yuan hawker centre is the first to be built since 1985. The hawker centre is located at the 1st storey of Ci Yuan Community Club and comprises of 40 cooked food stalls.  All the stalls are selling different food items and serving at least two items priced at $2.80 or below to ensure food price affordability. Ci Yuan hawker centre also has new facilities to accommodate the needs of different users to create a more pleasant dining experience for all.  These include family-friendly facilities such as child-friendly seating, point-of-sale system and self-payment kiosks.  For more information, please refer to: http://ciyuanhawker.com.sg/",,51,,,Hougang Avenue 9,538776,,North,http://www.nea.gov.sg/images/default-source/Hawker-Centres-Division/ci-yuan-hawker-centre.jpg,Existing (new),,2047.29,,1/3/2021,1/3/2021,New Centre,2/7/2015,20201228124030,,,,2AA90E9C4045EC25,hawker centre/community club/family medicine clinic/senior care centre,33526.48,39713.520000000004,40,0,1.37542896666561,103.882977999397
Circuit Road Blk 79/79A,1.32666004,103.8851166,"Blk 79/79A, Circuit Road, Singapore 370079/371079","Built in 1971, the hawker centre is sited beside the Pelton Canal in Paya Lebar. One of the three hawker centres at Ciruit Road, the centre comprises 106 cooked food stalls. After upgrading in 2010, a new outdoor refreshment area has been added to provide a unique alfresco dining experience to patrons.",I,79/79A,,,Circuit Road,370079,,East,http://www.nea.gov.sg/images/default-source/Hawker-Centres-Division/resize_1280824598.jpg,Existing,Completed,,,9/3/2021,8/3/2021,HUP Standard Upgrading,31/3/1971,20201228124030,11/5/2010,,,B1F15E00DFF07B09,,33756.46,34297.67,106,0,1.32644992167231,103.885043500019
Circuit Road Blk 80 (80 Circuit Road Market and Food Centre),1.32790005,103.8871536,"Blk 80, Circuit Road, Singapore 370080","Built in 1967, the hawker centre at Blk 80 Circuit Road comprises 16 cooked food stalls and 43 market stalls. One of the three hawker centres serving the residents living in the vicinity of Circuit Road.",I,80,,,Circuit Road,370080,,East,http://www.nea.gov.sg/images/default-source/Hawker-Centres-Division/resize_1262153912521.jpg,Existing,Completed,,,4/1/2021,4/1/2021,HUP Reconfiguration,1/9/1967,20201228124030,22/2/2003,,,3BE7F7424E4084B8,,33988.5,34452.44,16,43,1.32784956142548,103.887128535137
Circuit Road Blk 89,1.32363999,103.8855209,"Blk 89, Circuit Road, Singapore 370089","Built in 1967, the hawker centre at Blk 89 Circuit Road comprises 40 cooked food stalls and 93 market stalls. One of the three hawker centres serving the residents living in the vicinity of Circuit Road.",I,89,,,Circuit Road,370089,,East,http://www.nea.gov.sg/images/default-source/Hawker-Centres-Division/resize_1262154127554.jpg,Existing,Completed,,,1/3/2021,1/3/2021,HUP Standard Upgrading,1/9/1967,20201228124030,8/4/2009,,,4EDE2CCE55E4142D,,33801.62,33965.43,41,92,1.32344525333847,103.885449224256
Clementi Ave 2 Blk 353 (Clementi Ave 2 Market/Cooked Food Centre),1.31433797,103.7707748,"Blk 353, Clementi Ave 2, Singapore 120353","Built in 1978, the hawker centre has evolved into a focal point for residents to dine and engage in social bonding. Blk 353 Clementi Ave 2 comprises 18 cooked food stalls and 96 market stalls.",I,353,,,Clementi Ave 2,120353,,West,http://www.nea.gov.sg/images/default-source/Hawker-Centres-Division/resize_1267847852167.jpg,Existing,Completed,,,2/3/2021,1/3/2021,HUP Standard Upgrading,26/1/1978,20201228124030,25/10/2012,,,42176A30A0BD41F5,,21046.37,32961.71,18,96,1.31436772839327,103.770836740843
Clementi Ave 3 Blk 448,1.31334996,103.7645874,"Blk 448, Clementi Ave 3, Singapore 120448","Located in the town centre of Clementi, the hawker centre at Blk 448 Clementi Ave 3 is within walking distance from Clementi MRT station and the bus interchange. Good food offerings and its strategic location make the centre popular with diners.",I,448,,,Clementi Ave 3,120448,,West,http://www.nea.gov.sg/images/default-source/Hawker-Centres-Division/resize_1267848308255.jpg,Existing,Completed,,,30/3/2021,29/3/2021,HUP Standard Upgrading,12/1/1980,20210108151732,29/10/2010,,,FDAC6B27D859C422,,20342.32,32839.78,51,105,1.31326486994113,103.764510533078
Clementi West Street 2 Blk 726,1.30391705,103.7641754,"Blk 726, Clementi West Street 2, Singapore 120726","Built in 1980, the hawker centre at Blk 726 Clementi West Street 2 consists of 60 cooked food stalls and 135 market stalls. The centre is conveniently located in close proximity to schools, housing estates and shopping complex.",I,726,,,Clementi West Street 2,120726,West Coast Market Square,West,http://www.nea.gov.sg/images/default-source/Hawker-Centres-Division/resize_1262155262246.jpg,Existing,Completed,,,2/3/2021,1/3/2021,HUP Standard Upgrading,29/11/1980,20201228124030,26/11/2009,,,3B5F054B4A10B4D2,,20314.9,31791.21,60,135,1.3037819726711,103.764264410293
Commonwealth Crescent Market,1.30743206,103.7994614,"31, Commonwealth Crescent, Singapore 149644",The 63 market stalls are located on the lower level while the 39 cooked food stalls are located on the upper level of this two-storey market. Built in 1965 to fulfill the marketing and dining needs of residents living in the mature estate of Commonwealth Drive.,I,31,,,Commonwealth Crescent,149644,,West,http://www.nea.gov.sg/images/default-source/Hawker-Centres-Division/resize_1265167388780.jpg,Existing,Completed,3040.58,,22/2/2021,22/2/2021,HUP Rebuilding,1965,20201228124030,18/8/2004,,,35C408FDA576C5E9,,24332.33,32135.05,39,63,1.3068922760844,103.800362825517
Commonwealth Drive Blk 1A/2A/3A (Tanglin Halt Food Centre/Commonwealth Drive Food Centre),1.29955006,103.7980194,"Blk 1A/ 2A/ 3A, Commonwealth Drive, Singapore 140001/140002/140003","Nestled within the established Tanglin Halt estate, the food centre was originally built in 1981. The three hexagonal blocks retain their unique shape after upgrading in 2009. A total of 40 cooked food stalls is housed within the centre.",I,1A/2A/3A,,,Commonwealth Drive,141001,,West,http://www.nea.gov.sg/images/default-source/Hawker-Centres-Division/commonwealth.jpg,Existing,Completed,,,29/3/2021,29/3/2021,HUP Standard Upgrading,16/11/1981,20210108151732,15/1/2010,,,B823DC779EFC4639,,24055.5,31341.24,40,0,1.29971330531884,103.797875477439
Dawson Hawker Centre,,,,,,38A,,,Margaret Drive,142038,,,,Under Construction,#N/A,,11/5/2015,#N/A,#N/A,New Replacement Centre,2020,20201030102222,,,2/12/2015,C80F896998B4B35C,hawker centre/branch office/supermarket/shops/flats,24816.7,31094.91,,,1.29748567106686,103.804715225285
Dunman Food Centre,1.309412,103.901825,"271, Onan Road, Singapore 424768","Built in 1974, Dunman Food Centre has since played a vital role in providing resonably-priced cuisines to the residents of Joo Chiat area. Upgraded in 2002, the centre comprises 30 cooked food stalls.",I,271,,,Onan Road,424768,,East,http://www.nea.gov.sg/images/default-source/Hawker-Centres-Division/resize_1262155459807.jpg,Existing,Completed,984,,16/2/2021,15/2/2021,HUP Standard Upgrading,1974,20201228124030,3/12/2002,,,5924E489E9492369,,35624.14,32413.99,30,0,1.30941418731184,103.90182514721
East Coast Lagoon Food Village,1.30772996,103.9343033,"1220, East Coast Parkway, Singapore 468960","Located in the south-eastern part of Singapore, the East Coast Lagoon Food Village offers a tropical resort ambience by the sea and a wide variety of local hawker food at reasonable prices. It is a favourite haunt among sports enthusiasts and families who wish to enjoy a sumptuous meal by the sea. Popular dishes include Satay, BBQ Seafood and Chicken Wings, Zi Char, Wan Ton Noodles, Satay Bee Hoon, Beef Noodles etc.  Rated as one of the food paradises in Singapore!",I,1220,,,East Coast Parkway,468960,,East,http://www.nea.gov.sg/images/default-source/Hawker-Centres-Division/resize_1262155504536.jpg,Existing,Completed,3600.16,,TBC,TBC,HUP Rebuilding,1978,20210222124820,10/12/2003,,,1D6E51B49EE08B30,,39318.07,32112.260000000002,63,0,1.30668431820832,103.93501674725
Empress Road Blk 7 (Empress Road Market and Food Centre),1.31631005,103.805687,"Blk 7, Empress Road, Singapore 260007","Built in 1976, the hawker centre at Blk 7 Empress Road comprises 40 cooked food stalls and 72 market stalls. Provides marketing and dining facilities to residents of Farrer estate.",I,7,,,Empress Road,260007,,West,http://www.nea.gov.sg/images/default-source/Hawker-Centres-Division/resize_1262152572393.jpg,Existing,Completed,,,15/3/2021,15/3/2021,HUP Standard Upgrading,26/3/1976,20201228124030,2/12/2008,,,2DAAEFC7FDE088DA,,24919.24,33169.3,40,68,1.31624573118373,103.805636386821
Eunos Crescent Blk 4A,1.320292,103.9042206,"Blk 4A, Eunos Crescent, Singapore 402004",The hawker centre at Blk 4A Eunos Crescent is located within close proximity to the Eunos MRT station and bus interchange. Its strategic location coupled with a wide variety of food offerings results in high patronage especially during lunch and dinner hours.,I,4A,,,Eunos Crescent,402004,,East,http://www.nea.gov.sg/images/default-source/Hawker-Centres-Division/resize_1267873497497.jpg,Existing,Completed,,,23/3/2021,22/3/2021,HUP Standard Upgrading,7/7/2000,20201228124030,30/3/2012,,,E0DC5CBB87873599,,35895.18,33621.21,42,71,1.32033178221424,103.904260878989
Fernvale Hawker Centre,,,,,,21,,,Sengkang West Avenue,797650,Fernvale Hub,,,Under Construction,#N/A,,30/7/2018,#N/A,#N/A,New Centre,2020,20201030102222,,,13/8/2018,E3AB7D17362F6985,hawker centre/community club,32867.9,41500.770000000004,,,1.39159232727757,103.877060478847
Geylang Bahru Blk 69 (Blk 69 Geylang Bahru Market and Food Centre),1.32152998,103.8700714,"Blk 69, Geylang Bahru, Singapore 330069","Located near amenities such as swimming pool, industrial parks, commercial shops and residential estates, Blk 69 Geylang Bahru is a focal point where patrons get to enjoy local hawker fare at affordable prices. The hawker centre was built in 1974 and houses 84 cooked food stalls cum 127 market stalls.",I,69,,,Geylang Bahru,330069,,East,http://www.nea.gov.sg/images/default-source/Hawker-Centres-Division/blk-69-geylang-bahru.jpg,Existing,Completed,,,16/3/2021,15/3/2021,Opted out of HUP,16/1/1974,20201228124030,,,,1CDA7137E5C30C82,,32082.77,33746.13,84,127,1.32146226027018,103.870004415152
Geylang Serai Market,1.31688809,103.8974075,"1, Geylang Serai, Singapore 402001","One of the most popular hawker centres in Singapore, especially with the Malay community! The hawker centre was upgraded in 2009 and currently comprises 63 cooked food stalls and 302 market stalls. Its design, which was conceived after close consultations with grassroots and stallholders, is reminiscent of rural Malay architecture. It is the third biggest hawker centre in Singapore based on stall count.",I,,,,Geylang Serai,402001,,East,http://www.nea.gov.sg/images/default-source/Hawker-Centres-Division/resize_1262155542468.jpg,Existing,Completed,11534.9,,10/3/2021,8/3/2021,HUP Rebuilding,3/7/2009,20201228124030,3/7/2009,,,A247BF61230618FB,,35223.38,33222.72,63,302,1.3167281476983,103.898224315881
Ghim Moh Road Blk 20,1.31105995,103.7882919,"Blk 20, Ghim Moh Road, Singapore 270020","Built in 1977, the hawker centre is famous for its wide spread of offerings such as Char Kway Teow, Chicken Rice, Soya Bean Drinks etc. 72 cooked food stalls and 158 market stalls at the hawker centre serve Ghim Moh  residents daily.",I,20,,,Ghim Moh Road,270020,,West,http://www.nea.gov.sg/images/default-source/Hawker-Centres-Division/resize_1267848628803.jpg,Existing,Completed,,,16/3/2021,12/3/2021,Opted out of HUP,24/1/1977,20201228124030,,,,8A5C1B47280FB248,,22982.14,32588.87,72,158,1.31099627311591,103.788230657145
Golden Mile Food Centre,1.30287397,103.8638763,"505, Beach Road, Singapore 199583","Home to lock-up stalls selling army stuff, Golden Mile Food Centre is a ""must go"" place if you are looking for affordable army / camping equipment. The food section located at the first and second levels definitely does not pale in comparison. It offers well-known local and international cuisines by 111 cooked food stalls. Fanciful food selection at great prices!",I,505,,,Beach Road,199583,,Central,http://www.nea.gov.sg/images/default-source/Hawker-Centres-Division/resize_1262155571228.jpg,Existing,<R&R> 01/12/2020 to 28/02/2021,6249.229,,TBC,TBC,HUP Standard Upgrading,1975,20201228124030,4/7/2002,,,68D21092F1DE4719,,31401.57,31690.89,112,111,1.30287548090781,103.863883249985
Haig Road Blk 13/14 (Haig Road Market and Cooked Food Centre),1.31518996,103.8956528,"Blk 13/14, Haig Road, Singapore 430013/430014","Built in 1977, the hawker centre at Blk 13/14 Haig Road is easily visible from Changi Road. Comprising 72 cooked food stalls and 146 market stalls, its ideal location as well as the wide selection of affordable hawker fare have attracted many residents and working professionals around the vicinity.",I,13/14,,,Haig Road,430013,,East,http://www.nea.gov.sg/images/default-source/Hawker-Centres-Division/resize_1267848993155.jpg,Existing,Completed,,,17/3/2021,15/3/2021,HUP Reconfiguration,30/7/1977,20201228124030,4/8/2010,,,110148A59EE4C4C8,,34932.38,33047.33,72,146,1.3151420505272,103.895609494855
Havelock Road Blk 22A/B (Havelock Road Cooked Food Centre),1.28804004,103.829689,"Blk 22A/B, Havelock Road, Singapore 161022/162022","Built in 1969, the standalone hawker centre located in the Havelock area comprises 30 cooked food stalls. It was upgraded in 2007.",I,22A/B,,,Havelock Road,161022,,Central,http://www.nea.gov.sg/images/default-source/Hawker-Centres-Division/resize_1262152823428.jpg,Existing,Completed,,,22/3/2021,22/3/2021,HUP Standard Upgrading,16/11/1969,20201228124030,27/4/2007,,,1CFBA3CB01B02D70,,27589.14,30043.3,30,0,1.28797543998733,103.829626834637
Holland Drive Blk 44 (Holland Drive Market and Food Centre),1.30818999,103.7928391,"Blk 44, Holland Drive, Singapore 270044","One of the last hawker centres to be built, Blk 44 Holland Drive has been serving the needs of residents since 1999. The two-storey hawker centre houses a market at the lower level and a food centre on the upper level. Conveniently located within walking distance from the Buona Vista MRT station.",I,44,,,Holland Drive,270044,,West,http://www.nea.gov.sg/images/default-source/Hawker-Centres-Division/resize_1267849222112.jpg,Existing,Completed,,,23/3/2021,22/3/2021,HUP Standard Upgrading,31/1/1999,20201228124030,31/3/2014,,,A15ED2B9A2949CAA,,23487.74,32270.57,45,61,1.30811775909823,103.792773765463
Holland Village Market and Food Centre,1.31110203,103.7949448,"1, Lorong Mambong, Singapore 277700","Situated right in the heart of Holland Village, the hawker centre was built in the pre-war years. One of the hawker centres with the longest history in Singapore! Surrounded by restaurants and bistros, the hawker centre remains a popular choice for patrons with its offering of affordable hawker fare. Comprises 21 cooked food stalls and 48 market stalls.",I,1,,,Lorong Mambong,277700,,West,http://www.nea.gov.sg/images/default-source/Hawker-Centres-Division/resize_1267415509849.jpg,Existing,Completed,1512.38,,1/3/2021,1/3/2021,HUP Rebuilding,Pre-War,20201228124030,12/12/2005,,,69A5ED12C616E697,,23720.25,32579.100000000002,21,48,1.31090802808558,103.794862936127
Hougang Ave 1 Blk 105 (Hougang 105 Hainanese Village Centre),1.35408998,103.890213,"Blk 105, Hougang Ave 1, Singapore 530105","Also known as Hougang 105 Hainanese Village Centre, the hawker centre underwent a major facelift in 2005. A very popular hawker centre in the Hougang area, especially during the weekends. Serving the needs of both the residents of Lorong Ah Soo as well as the industrial area across at Defu Lane, there are currently 51 cooked food stalls and 120 market stalls within the centre.",I,105,,,Hougang Ave 1,530105,,North,http://www.nea.gov.sg/images/default-source/Hawker-Centres-Division/resize_1259901634108.jpg,Existing,Completed,,,2/3/2021,1/3/2021,HUP Rebuilding,30/6/1982,20201228124030,11/11/2005,,,47665F142147793C,,34317.020000000004,37326.05,51,120,1.35383739101169,103.890081064953
Hougang Street 21 Blk 209 (Kovan Hougang Market and Food Centre),1.359079,103.8859253,"Blk 209, Hougang Street 21, Singapore 530209","Conveniently situated in the heartlands of Kovan, the hawker centre at Blk 209 Hougang Street 21 is minutes away from Kovan MRT. Built in 1983, the centre houses 65 cooked food stalls and 118 market stalls. Be prepared to queue for your favourite dish at the popular cooked food stalls within the hawker centre!",I,209,,,Hougang Street 21,530209,,North,http://www.nea.gov.sg/images/default-source/Hawker-Centres-Division/resize_1267849628846.jpg,Existing,Completed,,,9/3/2021,8/3/2021,HUP Standard Upgrading,30/9/1983,20201228124030,24/1/2011,,,5F6AEDB7D2C4FFE1,,33860.340000000004,37910.1,65,118,1.35911942212642,103.885977616903
Jalan Batu Blk 4A (Blk 4A Jalan Batu Hawker Centre/Market),1.30243003,103.8839798,"Blk 4A, Jalan Batu, Singapore 432004","Built in 1969, Blk 4A Jalan Batu comprises both a market and food section. The centre houses 52 cooked food stalls and 53 market stalls.",I,4A,,,Jalan Batu,432004,,East,http://www.nea.gov.sg/images/default-source/Hawker-Centres-Division/resize_1267874223880.jpg,Existing,<R&R> 15/03/2021 to 12/04/2021,,,TBC,TBC,HUP Standard Upgrading,3/1/1969,20210222124820,16/2/2012,,,551478E00B57F6F0,,33633.770000000004,31640.43,52,53,1.30241881353449,103.88394058022
Jalan Bukit Merah Blk 6 (ABC Brickworks Market/Food Centre),1.28700995,103.8081894,"Blk 6, Jalan Bukit Merah, Singapore 150006","Fondly known as ABC Brickworks Market, it is within close proximity to Alexandra Food Village and IKEA. The hawker centre, which was built in 1974, is another alternative for the residents of Queenstown and Bukit Merah.  Patrons can find delicious yet affordable hawker fare at the centre.",I,6,,,Jalan Bukit Merah,150006,,Central,http://www.nea.gov.sg/images/default-source/Hawker-Centres-Division/resize_1267760203.jpg,Existing,Completed,,,16/3/2021,15/3/2021,HUP Reconfiguration,11/10/1974,20201228124030,11/8/2006,,,D9BD256F5E6E0C43,,25196.5,29930.23,96,48,1.28695275198944,103.808127999318
Jalan Bukit Merah Blk 112 (Blk 112 Jalan Bukit Merah Market and Food Centre),1.2800699500000001,103.8260727,"Blk 112, Jalan Bukit Merah, Singapore 160112","Situated in the mature estate of Jalan Bukit Merah, the hawker centre at Blk 112 Jalan Bukit Merah satisfies both the marketing and dining needs of the residents nearby.",I,112,,,Jalan Bukit Merah,160112,,West,http://www.nea.gov.sg/images/default-source/Hawker-Centres-Division/resize_1267874698833.jpg,Existing,Completed,,,4/1/2021,4/1/2021,HUP Standard Upgrading,1/1/1969,20201228124030,28/11/2013,,,F6CA40B9272CF4AA,,27186.98,29161.95,28,96,1.28000481198881,103.826013285715
Jalan Kukoh Blk 1 (Kukoh 21 Food Centre),1.28831995,103.8399963,"Blk 1, Jalan Kukoh, Singapore 161001","Built in 1969, Blk 1 Jalan Kukoh used to consist of both a market and food section. After upgrading in 2010, the centre was converted to a food centre with 21 cooked food stalls.",I,1,,,Jalan Kukoh,161001,,Central,http://www.nea.gov.sg/images/default-source/Hawker-Centres-Division/resize_1267874440744.jpg,Existing,Completed,,,1/3/2021,1/3/2021,HUP Standard Upgrading,21/1/1969,20201228124030,4/10/2010,,,8943084AF6DA868B,,28737.57,30071.510000000002,21,0,1.28823055540002,103.839945947186
Jurong East Ave 1 Blk 347 (Yuhua Market and Hawker Centre),1.34536004,103.7315826,"Blk 347, Jurong East Ave 1, Singapore 600347","Located near to the PIE exit (Jurong Town Hall Road), the hawker centre at Blk 347 Jurong East Ave 1 is popular with residents living in the area. A wide variety of food and market produce is offered at the hawker centre by the 56 cooked food stalls and 169 market stalls. It was built in 1984 to cater to the dining and marketing needs of residents.",I,347,,,Jurong East Ave 1,600347,,West,http://www.nea.gov.sg/images/default-source/Hawker-Centres-Division/resize_1275537901886.jpg,Existing,Completed,,,9/3/2021,8/3/2021,HUP Standard Upgrading,17/10/1984,20201228124030,31/12/2002,,,6C864243A998EAB7,,16677.58,36383.57,56,169,1.34531247026793,103.731579747132
Jurong East Street 24 Blk 254 (Yuhua Village Market and Food Centre),1.34343302,103.7376862,"Blk 254, Jurong East Street 24, Singapore 600254","Located near to the PIE exit (Jurong Town Hall Road), the hawker centre at Blk 254 Jurong East Street 24 serves the marketing and dining needs of residents living in Yuhua Village.  There are 60 cooked food stalls and 87 market produce stalls operating within the hawker centre. Originally built in 1983.",I,254,,,Jurong East Street 24,600254,,West,http://www.nea.gov.sg/images/default-source/Hawker-Centres-Division/resize_1265167615307.jpg,Existing,Completed,,,23/3/2021,22/3/2021,HUP Reconfiguration,30/4/1983,20201228124030,5/7/2006,,,037A6F1E39B66CD7,,17367.73,36176.73,60,87,1.34344213770991,103.737781231485
Jurong West Hawker Centre,1.3412229999999998,103.697374,"Blk 50, Jurong West St 61, Singapore 648202","Completed in 2017, Jurong West Hawker Centre provides residents a comfortable and clean dining environment with natural ventilation and family-friendly features such as child-friendly toilet facilities and family-friendly seating, as well as tray-return facilities at accessible locations. To ensure affordable meals for the residents, all the stalls are serving at least two items priced at $2.80 or below.",,50,,,Jurong West Street 61,648202,Jurong West Hawker Centre,West,http://www.nea.gov.sg/images/default-source/Hawker-Centres-Division/jurong-west-hawker-centre.jpg,Under Construction,,2987,23/9/2015,TBC,TBC,New Centre,28/7/2017,20200805182327,,,15/10/2015,A85BCE9D35E96D2D,,12874.19,35935.62,34,14,1.3412597060095,103.697404254467
Jurong West Street 52 Blk 505,1.34969997,103.7184601,"Blk 505, Jurong West Street 52, Singapore 640505","The hawker centre at Blk 505 Jurong West Street 52 was built in 1985.  Located in the heart of the Jurong West estate, the centre serves patrons from the nearby residential flats and schools.  Last upgraded in 2009, the centre comprises a total of 190 stalls - 60 cooked food and 130 market stalls.",I,505,,,Jurong West Street 52,640505,,West,http://www.nea.gov.sg/images/default-source/Hawker-Centres-Division/resize_1262155040710.jpg,Existing,Completed,,,5/1/2021,4/1/2021,HUP Standard Upgrading,16/1/1985,20201228124030,2/1/2009,,,0AE38DCC1523CF6E,,15216.130000000001,36862.4,60,130,1.34964224318434,103.71844754363
Kallang Estate Fresh Market and Food Centre,1.30711246,103.8841476,"17, Old Airport Road, Singapore 397972","Located just minutes away from Blk 51 Old Airport Road, the Kallang Estate Fresh Market and Food Centre provides both dining and marketing services for Kallang residents. Built in 1959, the centre comprises 16 cooked food stalls and 78 market stalls.",I,17,,,Old Airport Road,397972,,East,http://www.nea.gov.sg/images/default-source/Hawker-Centres-Division/resize_1262155698415.jpg,Existing,Completed,2629.19,,1/3/2021,1/3/2021,HUP Standard Upgrading,1959,20210108151732,31/10/2003,,,2F0C253359980A9D,,33654.86,32190.8,16,78,1.30739616009942,103.884130183315
Kampung Admiralty Hawker Centre,1.440119,103.800735,"Blk 676, Woodlands Drive 71, Singapore 730676","Built in 2017, the Kampung Admiralty Hawker Centre is a communal dining space which allows patrons to feast on Singapore’s favourite street food while learning the cultural diversity of our local food.  The centre consists of 43 cooked food stalls.  The centre features natural ventilation, family-friendly features, such as child-friendly toilet facilities.",,676,,,Woodlands Drive 71,730676,Kampung Admiralty,North,http://www.nea.gov.sg/images/default-source/Hawker-Centres-Division/kampung-admiralty-hawker-centre.jpg,Existing (new),,3440,17/10/2014,30/3/2021,29/3/2021,New Centre,8/5/2017,20210108151732,,,1/4/2014,8E56FA1F108A0BE3,studio apartments/supermarket/shops/specialist centre/senior care centre/child care centre/senior activity centre,24369.66,46846,43,0,1.43993283228134,103.800696448529
Marine Parade Central Blk 84 (84 Marine Parade Central Market and Food Centre),1.30233002,103.9063873,"Blk 84, Marine Parade Central, Singapore 440084","Located across Parkway Parade Shopping Centre, the hawker centre has been around since 1976. It is popular with patrons throughout the day. A wide variety of local food is available at the hawker centre including Char Kway Teow, Beef Noodles, Economical Rice, Desserts etc.  Comprises 55 cooked food stalls and 143 market stalls.",I,84,,,Marine Parade Central,440084,,East,http://www.nea.gov.sg/images/default-source/Hawker-Centres-Division/resize_1267875360164.jpg,Existing,Completed,,,9/3/2021,8/3/2021,Opted out of HUP,23/8/1976,20201228124030,,,,069C7A0A54B9691B,,36126.46,31625.71,55,143,1.30228513841822,103.906338526157
Marine Terrace Blk 50A (50A Marine Terrace),1.30580998,103.9157867,"Blk 50A, Marine Terrace, Singapore 441050",Built in 1975 to serve the residents living within the Marine Terrace estate. The hawker centre is located just next to the Marine Parade Town Council. Comprises 24 cooked food stalls and 87 market stalls.,I,50A,,,Marine Terrace,441050,,East,http://www.nea.gov.sg/images/default-source/Hawker-Centres-Division/resize_1262153165514.jpg,Existing,Completed,,,16/3/2021,15/3/2021,HUP Standard Upgrading,3/3/1975,20201228124030,22/12/2008,,,6834B490AC290792,,37175.19,32011.65,24,87,1.30577514781108,103.915761950557
Market Street Hawker Centre,,,,,,50,,,Market Street,48940,CapitaSpring,,,Under Construction,#N/A,,17/7/2017,#N/A,#N/A,New Replacement Centre,2021,20201030102222,,,1/8/2017,DB83871DCC26698E,hawker centre/commercial space,29874.82,29650.7,,,1.2844248503218,103.850164578087
Market Street Interim Hawker Centre,1.28156793,103.8488473,"5, Cross Street, Singapore 048148",Due to the redevelopment of Market Street Food Centre (Golden Shoe Carpark) an interim hawker centre has been built to ensure continuity of stallholders' business and availability of affordable food options for patrons in the vicinity.  The interim centre commenced operations on 1 Aug 2017.,,5,,,Cross Street,048418,Market Street Interim Hawker Centre,Central,http://www.nea.gov.sg/images/default-source/Hawker-Centres-Division/resize_1262225979894.jpg,Existing,Completed,1817.18,,20/3/2021,20/3/2021,Interim Centre,24/5/2017,20210202110628,,,,2120FA82E876F8F9,,29742.29,29337.86,53,0,1.28159564281228,103.848973726501
Marsiling Lane Blk 20/21,1.44398999,103.7772598,"Blk 20/21, Marsiling Lane, Singapore 730020/730021","Built in 1975, the hawker centre at Blk 20/21 Marsiling Road houses 52 cooked food stalls and 112 market stalls.  Upgraded in 2009.",I,20/21,,,Marsiling Lane,730020,,North,http://www.nea.gov.sg/images/default-source/Hawker-Centres-Division/resize_1262152527264.jpg,Existing,Completed,,,16/3/2021,15/3/2021,HUP Standard Upgrading,15/9/1975,20201228124030,2/3/2009,,,F48BB5AACA5420CA,,21755.23,47282.71,52,112,1.44388181695611,103.777203165702
Marsiling Mall Hawker Centre,1.433543,103.779881,"Blk 4,Woodlands St 12,Singapore 738623","Built in 2017, and located close to the heart of Woodlands, Marsiling Mall Hawker Centre offers residents convenient access to a variety of good and affordable hawker food. This hawker centre is also situated adjacent to Woodlands Sports Centre, bringing hawker food to the doorstep of sports facility users.",,4,,,Woodlands Street 12,738623,Marsiling Mall,North,http://www.nea.gov.sg/images/default-source/Hawker-Centres-Division/mmhc.jpg,Existing (new),Completed,3661,4/9/2015,8/3/2021,8/3/2021,New Replacement Centre,8/11/2017,20201228124030,,,1/1/2016,67D9A36BD57B05E2,hawker centre/supermarket/shops,22042.510000000002,46139.03,70,0,1.43353885680037,103.779784899996
Maxwell Food Centre (Kim Hua Market),1.28055096,103.8444595,"1, Kadayanallur Street, Singapore 069184","Maxwell Food Centre began its roots in 1935. One of the iconic hawker centres in Singapore, the food centre now consists of 103 cooked food stalls. Popular hawker fare such as Chicken Rice, Tapioca Kueh, Porridge, Desserts and more can be found here.",I,1,,,Kadayanallur Street,069184,,Central,http://www.nea.gov.sg/images/default-source/Hawker-Centres-Division/resize_1262155734465.jpg,Existing,Completed,3365.392,,22/3/2021,22/3/2021,Upgraded prior to HUP,1935,20210202110628,,,,FE75522D7005D0D4,,29280.89,29173.83,103,0,1.28011223513205,103.844827863123
Mei Chin Road Blk 159 (Mei Chin Road Market),1.29330003,103.8029633,"Blk 159, Mei Chin Road, Singapore 140159","Built in 1970 to serve the Mei Ling estate, the hawker centre at Blk 159 Mei Chin Road was upgraded in 2009 to improve circulation space and ventilation. Comprises 47 cooked food stalls and 66 market stalls.",I,159,,,Mei Chin Road,140159,,West,http://www.nea.gov.sg/images/default-source/Hawker-Centres-Division/resize_1262154581891.jpg,Existing,Completed,,,9/3/2021,8/3/2021,HUP Reconfiguration,12/10/1970,20201228124030,8/5/2009,,,58C10BCC784470D7,,24615.11,30625.03,47,66,1.29323622090657,103.802903901116
New Market Road Blk 32 (People's Park Food Centre),1.28487098,103.8425903,"Blk 32, New Market Road, Singapore 050032","Fondly known as People's Park Complex, it is located right in the heart of the bustling Chinatown. It is a favourite haunt for elderly folks to catch up and enjoy a delicious yet affordable meal.  Extremely accessible by bus or MRT. Upgraded in 2005, it has 87 cooked food stalls located on the ground floor. The second and third floors comprise HDB shops selling fabrics, fashion and home wares.",I,32,,,New Market Road,050032,,Central,http://www.nea.gov.sg/images/default-source/Hawker-Centres-Division/resize_1265168123284.jpg,Existing,Completed,,,16/3/2021,15/3/2021,HUP Standard Upgrading,1965,20210205155430,27/12/2005,,,431889D3760F1B9F,,29030.58,29713.3,87,0,1.28499102169498,103.842578750107
New Upper Changi Road Blk 208B,1.3246289999999998,103.930477,"Blk 208B, New Upper Changi Road, Singapore 462208","Completed in 2014, this new food centre replaces the hawker centre at Blk 207 Upper Changi Road.  Also know as Bedok Interchange Hawker Centre,  it houses more seating areas for diners, more parking lots at the adjacent multi-storey carpark, and high-volume, low-speed cooling fans to provide patrons a more comfortable and cooler dining experience.  The centre also has NETS cashless payment system implemented at food stalls and free wireless internet connection via Wireless@SG for the convenience of patrons.",I,208B,,,New Upper Changi Road,462208,,East,http://www.nea.gov.sg/images/default-source/Hawker-Centres-Division/bedok-interchange-hawker-centre.jpg,Existing,Completed,,,30/3/2021,29/3/2021,New Replacement Centre,15/11/2014,20201228124030,,,,03BAD6656E353352,,38822.05,34108.62,70,0,1.32473884451035,103.93056047823
New Upper Changi Road Blk 58,1.32516551,103.940155,"Blk 58, New Upper Changi Road, Singapore 461058","Comprising a market produce and cooked food section, the hawker centre at Blk 58 New Upper Changi Road was built in 1978 to serve the marketing and dining needs of patrons living in Bedok South. Especially popular during the breakfast and lunch hours.",I,58,,,New Upper Changi Road,461058,,East,http://www.nea.gov.sg/images/default-source/Hawker-Centres-Division/resize_1262153263293.jpg,Existing,Completed,,,8/3/2021,8/3/2021,HUP Standard Upgrading,27/2/1978,20201228124030,16/9/2008,,,57B99402242243CD,,39998.6,34047.74,48,147,1.32418782817919,103.94113237262
Newton Food Centre,1.3122249799999999,103.8397293,"500, Clemenceau Ave North, Singapore 229495","Popular with both locals and tourists alike.  Often rated by foodies as one of the best hawker centres in Singapore, Newton Food Centre is well known for dishes like BBQ Seafood, Hokkien Mee, Po Piah, Satay, Fried Carrot Cake etc.  Extremely crowded during dinner and supper time, this is definitely a hawker centre that you must visit!  Located in the Cairnhill / Newton area and a stone's throw away from Newton MRT.",I,500,,,Clemenceau Ave North,229495,,Central,http://www.nea.gov.sg/images/default-source/Hawker-Centres-Division/resize_1262155777485.jpg,Existing,Completed,3252.75,,9/3/2021,8/3/2021,HUP Standard Upgrading,1971,20201228124030,12/6/2006,,,A3E97849F7B38EA7,,28694.91,32687.91,83,0,1.31189235691652,103.839562687644
North Bridge Road Market,1.3058470500000001,103.8638611,"861, North Bridge Road, Singapore 198783",Originally built in 1973 as a two-storey building. North Bridge Road Market was converted into a single-storey hawker centre after its upgrading in 2005. The centre now comprises 37 cooked food stalls and 82 market stalls.,I,861,,,North Bridge Road,198783,,Central,http://www.nea.gov.sg/images/default-source/Hawker-Centres-Division/resize_1262155297184.jpg,Existing,Completed,3004.63,,2/3/2021,1/3/2021,HUP Reconfiguration,1973,20201228124030,17/10/2005,,,3B33AC4C1C5CD51D,,31402.43,32010.440000000002,37,82,1.30576537802761,103.863891012338
Old Airport Road Blk 51 (51 Old Airport Road Food Centre and Shopping Mall),1.30827999,103.8858414,"Blk 51, Old Airport Road, Singapore 390051","The renowned Blk 51 Old Airport Road is famed for its excellent yet affordable food. Built in 1973, it consists of 168 cooked food stalls on the ground level and 54 lock-up stalls on the second level. The large number of cooked food stalls serve up an amazing array of cuisines, from local hawker fare to international food. Get thrilled by the gastronomic experience offered by the numerous stalls!",I,51,,,Old Airport Road,390051,,East,http://www.nea.gov.sg/images/default-source/Hawker-Centres-Division/resize_1262153198645.jpg,Existing,Completed,,,11/3/2021,8/3/2021,HUP Standard Upgrading,17/2/1973,20210202110628,12/6/2007,,,49DC3EB4A2CA859C,,33844.39,32285.39,168,54,1.30825156309798,103.885833217727
Our Tampines Hub,1.352983,103.940231,"1 Tampines Walk, Singapore 528523","Built in 2016, the hawker centre at Our Tampines Hub (OTH) consists of 42 cooked food stalls and allows patrons of all ages to enjoy affordable food in a pleasant dining environment.  Located at the 1st storey of OTH, the naturally ventilated hawker centre is designed to be family-friendly with features such as child-friendly toilet facilities and family-friendly seating. It is also designed with built-in tray return facilities at accessible locations to allow patrons to return their trays with ease.  Being the first 24-hour hawker centre in Tampines, it provides residents with all-day affordable dining options.",,1,,,Tampines Walk,528523,Our Tampines Hub,East,http://www.nea.gov.sg/images/default-source/Hawker-Centres-Division/our-tampines-hub.jpg,Existing (new),,2241,7/5/2014,TBC,TBC,New Centre,6/8/2016,20200924204820,,,1/8/2013,17E2D59B244268C4,hawker centre/ community club  offices/regional library/heritage centre/swimming complex/sports facilities/branch hawker centre/office/national arts council/hometeam ns clubhouse/family medical centre/senior care centre,39841.96,37328.97,42,0,1.35386211773287,103.939726160039
Pasir Panjang Food Centre,1.27565897,103.7915573,"121, Pasir Panjang Road, Singapore 118543","Situated along Pasir Panjang Road and near to industrial estates, the food centre comprises 45 cooked food stalls and serves a variety of hawker fare including BBQ Seafood and Zi Char. Built in 1978.",I,121,,,Pasir Panjang Road,118543,,West,http://www.nea.gov.sg/images/default-source/Hawker-Centres-Division/resize_1262155813373.jpg,Existing,Completed,1115.71,,1/3/2021,1/3/2021,HUP Standard Upgrading,1978,20201228124030,20/5/2002,,,311FCFFEF4088841,,23335.09,28708.93,45,0,1.27590752450201,103.791402660553
Pasir Ris Central Hawker Centre,1.373318,103.951364,"Blk 110, Pasir Ris Central, Singapore 519641","Completed in Jan 2018, Pasir Ris Central Hawker Centre is a centre which houses 42 cooked food stalls across two levels. On the ground floor, 20 cooked food stalls will serve a variety of local hawker fare, while on the upper floor there will be 22 cooked food stalls serving modern cuisines. Along with a family dining area with child-friendly tables and chairs, and handicap friendly access, this centre also offers cashless payments.",,110,,,Pasir Ris Central,519641,Pasir Ris Central Hawker Centre,East,http://www.nea.gov.sg/images/default-source/Hawker-Centres-Division/pasir-ris-central-hawker-centre.jpg,Existing (new),,4771,15/7/2015,23/3/2021,22/3/2021,New Centre,16/10/2017,20210120144530,,,29/7/2015,0EC198F9182451A7,,41156.94,39493.21,42,0,1.37343413973246,103.951543034782
Punggol Digital District Hawker Centre,,,,,,,,,Ponggol Seventeenth Avenue,,,,,Under Construction,#N/A,,8/8/2019,#N/A,#N/A,New Centre,2023,20201030102222,,,21/8/2019,9EA0132C7B75A4E2,hawker centre/community club/bus interchange/childcare centre/JTC industrial units,36339.12,44041.270000000004,,,1.41456688638677,103.908252830309
Punggol Town Hub Hawker Centre,,,,,,,,,,,Punggol Town Hub,,,Under Construction,#N/A,,8/8/2018,#N/A,#N/A,New Centre,2021,20201030102222,,,29/8/2018,4780858DDE47C0BB,hawker centre/Regional Library/Senior Care Centre/Branch Office/Child Development Centre/Blood Collection Centre/Kidney Dialysis Centre/Childcare Centre,35955.520000000004,43336.13,,,1.40818996870647,103.904805657576
Queen Street Blk 270 (Albert Centre),1.30112004,103.8541412,"Blk 270, Queen Street, Singapore 180270","Strategically located near places of interests like the famous Guan Yin Temple and Bugis Village, the hawker centre is popular with both locals and tourists alike. A wide array of good local cuisines is served by well-known stalls operating at the hawker centre.  The hawker centre is also famous for dried seafood items and textiles, sold at the lock-up stalls withiin the market section.",I,270,,,Queen Street,180270,,Central,http://www.nea.gov.sg/images/default-source/Hawker-Centres-Division/resize_1267850253199.jpg,Existing,Completed,,,23/3/2021,22/3/2021,HUP Standard Upgrading,7/8/1978,20201228124030,26/11/2009,,,0906CEDC8BECB480,,30325.21,31483.66,86,148,1.30100146521405,103.854211645499
Redhill Lane Blk 79 (Redhill Market),1.28790999,103.8183975,"Blk 79, Redhill Lane, Singapore 150079","Built in 1969, the standalone market offers a variety of fresh market produce to serve the needs of Redhill residents. The centre was upgraded in 2005 and comprises 122 market stalls.  Within walking distance from Redhill MRT.",I,79,,,Redhill Lane,150079,,West,http://www.nea.gov.sg/images/default-source/Hawker-Centres-Division/resize_1262153664347.jpg,Existing,Completed,,,23/3/2021,22/3/2021,HUP Reconfiguration,1/1/1969,20201228124030,28/6/2005,,,ECAC58C7791266D7,,26339.98,30030.33,0,122,1.2878581025663,103.818402623449
Redhill Lane Blk 85 (Redhill Food Centre),1.28740001,103.8183975,"Blk 85, Redhill Lane, Singapore 150085","Build in 1972 to complement the market next door, Blk 85 Redhill Lane is a standalone food centre comprising 96 cooked food stalls. A good variety of food can be found within the hawker centre.  Within walking distance from Redhill MRT.",I,85,,,Redhill Lane,150085,,West,http://www.nea.gov.sg/images/default-source/Hawker-Centres-Division/resize_1262153717849.jpg,Existing,Completed,,,23/3/2021,22/3/2021,HUP Reconfiguration,4/4/1972,20201228124030,17/6/2005,,,1D515CA5F1BE9E71,,26332.89,29972.02,96,0,1.28733076703987,103.818338919994
Sembawang Hills Food Centre (Jalan Leban Food Centre),1.37241995,103.8290329,"590, Upper Thomson Road, Singapore 574419","Built in 1974, this centre is nestled along Upper Thomson Road and offers a wide variety of food such as Fish / Seafood Soup, Char Kway Teow, Ngoh Hiang, Pasta etc.  The centre comprises 36 cooked food stalls.",I,590,,,Upper Thomson Road,574419,,North,http://www.nea.gov.sg/images/default-source/Hawker-Centres-Division/resize_1262155861677.jpg,Existing,Completed,884.38,,6/1/2021,4/1/2021,HUP Standard Upgrading,1974,20201228124030,26/2/2003,,,6CC207916D75014F,,27518.75,39376.87,36,0,1.37238494002145,103.828994204342
Serangoon Garden Market,1.3635400500000001,103.8669815,"49A, Serangoon Garden Way, Singapore 555945","Within walking distance from the famous Chomp Chomp Food Centre, the spacious Serangoon Garden Market is an alternative food paradise where residents satisfy their palates.  Equipped also with a market produce section, patrons can discover true gems within the centre.  Take a look around and you can't miss those stalls that are highly rated by food gurus!",I,49A,,,Serangoon Garden Way,555945,,North,http://www.nea.gov.sg/images/default-source/Hawker-Centres-Division/resize_1262156095817.jpg,Existing,<R&R> 01/03/2021 to 31/05/2021,2448.2,,TBC,TBC,HUP Rebuilding,1957,20210222124820,26/9/2002,,,F3EA4B5806B08E06,,31719.13,38356.53,46,36,1.3631571201113,103.866737484646
Shunfu Road Blk 320 (Shunfu Mart),1.35181999,103.8370285,"Blk 320, Shunfu Road, Singapore 570320","Built in 2000, the hawker centre at Blk 320 Shunfu Road is the last hawker centre to be built. Also known as Shunfu Mart, the centre houses 31 cooked food stalls and 51 market stalls.",I,320,,,Shunfu Road,570320,,North,http://www.nea.gov.sg/images/default-source/Hawker-Centres-Division/resize_1259901832200.jpg,Existing,Completed,,,8/3/2021,8/3/2021,Not eligible for HUP,25/5/2000,20210202110628,,,,93EF4005E2F2B931,,28413.24,37123.63,31,51,1.35200744198417,103.837031803823
Sims Place Blk 49 (Sims Vista Market and Food Centre),1.31710005,103.8793793,"Blk 49, Sims Place, Singapore 380049","Also known as Sims Vista Market and Food Centre, the hawker centre is nestled within the idyllic Sims Vista estate. Originally built in 1976, the hawker centre was upgraded in 2006 to improve its physical facade and provide a more hygienic environment for both stallholders and patrons alike. 66 cooked food stalls and 78 market stalls serve patrons of the hawker centre.",I,49,,,Sims Place,380049,,East,http://www.nea.gov.sg/images/default-source/Hawker-Centres-Division/resize_1262153128123.jpg,Existing,Completed,,,9/3/2021,8/3/2021,HUP Reconfiguration,20/9/1976,20201228124030,15/11/2006,,,87604B5A155144D6,,33130.31,33261.95,66,78,1.31708335109102,103.879417030673
Smith Street Blk 335 (Chinatown Complex Market),1.2823,103.8428802,"Blk 335, Smith Street, Singapore 050335","Original built in 1983, Blk 335 Smith Street is also commonly known as Chinatown Complex. It is the largest hawker centre in Singapore comprising a total of 703 stalls! After upgrading in 2008, the building has been transformed into an architecture of strong Chinese influence with a modern twist. Situated in the Chinatown area, the centre now comes with better amenities and increased seating capacity. A favourite hang-out place for residents to reminisce good old days while enjoying the wide array of local dishes offered.",I,335,,,Smith Street,050335,,Central,http://www.nea.gov.sg/images/default-source/Hawker-Centres-Division/resize_1265168178798.jpg,Existing,Completed,,,10/3/2021,8/3/2021,HUP Reconfiguration,31/5/1983,20210202110628,30/4/2008,,,B4A7F7D085236D35,,29097.23,29408.57,226,477,1.28223514826381,103.843177616296
Taman Jurong Market and Food Centre,1.33468103,103.7216187,"3, Yung Sheng Road, Singapore 618499","Taman Jurong Market and Food Centre is an amalgamation of  3 hawker centres, namely Corporation Drive Market, Yung Sheng Food Centre and Corporation Drive Food Centre. Comprises 123 cooked food stalls and 57 market stalls.",I,3,,,Yung Sheng Road,618499,,West,http://www.nea.gov.sg/images/default-source/Hawker-Centres-Division/resize_1262156147897.jpg,Existing,Completed,7770.3,,2/3/2021,1/3/2021,HUP Rebuilding,23/3/2005,20201228124030,23/3/2005,,,45EB3EEBC346C40E,,15557.970000000001,35197.91,123,57,1.33458935951076,103.721519868629
Tampines Street 11 Blk 137 (Tampines Round Market and Food Centre),1.34559596,103.9445953,"Blk 137, Tampines Street 11, Singapore 521137","Blk 137 Tampines Street 11 is the only hawker centre in the Tampines area. Also commonly known as Tampines Round Market due to the unique circular shape of the hawker centre, it was built in 1982 to fulfill the marketing and dining needs of the resident in Tampines Town. Comprises 45 cooked food stalls and 99 market stalls. The hawker centre was voted by readers of Shin Min Daily as their favourite hawker centre for 2 years running (2008-2009) in the City Hawker Food Hunt contest.",I,137,,,Tampines Street 11,521137,,East,http://www.nea.gov.sg/images/default-source/Hawker-Centres-Division/resize_1262154543785.jpg,Existing,Completed,,,24/3/2021,22/3/2021,HUP Reconfiguration,30/11/1982,20201228124030,8/1/2006,,,F6017D5F3CE931F1,,40387.13,36419.78,45,99,1.3456395210229,103.944624481151
Tanglin Halt Market,1.3008500299999999,103.7976837,"48A, Tanglin Halt Road, Singapore 148813","Built way back in 1964, Tanglin Halt Market is an iconic hawker centre within the Tanglin Halt estate. The hawker centre was given a facelift in 2003, and currently comprises 28 cooked food stalls and 89 market stalls.",I,48A,,,Tanglin Halt Road,148813,,West,http://www.nea.gov.sg/images/default-source/Hawker-Centres-Division/resize_1262156211794.jpg,Existing,Completed,2030.92,,22/3/2021,22/3/2021,HUP Standard Upgrading,1964,20210202110628,1/10/2003,,,74052054A6945EB8,,24027.71,31460.22,28,89,1.30078931480841,103.797625756738
Tanjong Pagar Plaza Blk 6 (Blk 6 Tanjong Pagar Plaza Market and Food Centre),1.2766799899999999,103.8432312,"Blk 6, Tanjong Pagar Plaza, Singapore 081006","Located near the Tanjong Pagar Plaza, the hawker centre serves some of the locals' favourite dishes such as Hainanese Chicken Rice, Curry Fish Head and Seafood Soup. Built in 1977, the centre has 52 cooked food stalls and 108 market stalls to serve the needs of the patrons.",I,6,,,Tanjong Pagar Plaza,081006,,Central,http://www.nea.gov.sg/images/default-source/Hawker-Centres-Division/blk-6-tanjong-pagar-plaza.jpg,Existing,Completed,,,20/3/2021,20/3/2021,HUP Standard Upgrading,18/4/1977,20210202110628,27/12/2013,,,90C2DF3929452EDB,,29096.05,28787.08,52,108,1.27661461066321,103.843166992138
Teban Gardens Road Blk 37A (Teban Gardens Market and Food Centre),1.3205173000000001,103.7420807,"Blk 37A, Teban Garden Road, Singapore 601037","Located near Pandan Reservoir, the hawker centre comprises 28 cooked food stalls and 52 market stalls.  Built in 1976 to serve residents staying nearby.",I,37A,,,Teban Gardens Road,601037,,West,http://www.nea.gov.sg/images/default-source/Hawker-Centres-Division/resize_1262153022672.jpg,Existing,Completed,,,23/2/2021,22/2/2021,HUP Rebuilding,1/11/1976,20201228124030,3/1/2008,,,D50987C7EAC39121,,17936.37,33678.4,28,52,1.32084835041654,103.742891623681
Telok Blangah Crescent Blk 11 (11 Telok Blangah Crescent Market and Food Centre),1.27743995,103.8187332,"Blk 11, Telok Blangah Crescent, Singapore 090011","The hawker centre was built in 1974 to serve the dining and marketing needs of residents living in the Telok Blangah area.  After its facelift in 2009, the upgraded centre boasts enhanced features such as ramps and wider circulation spaces for the physically challenged and elderly patrons.",I,11,,,Telok Blangah Crescent,090011,,West,http://www.nea.gov.sg/images/default-source/Hawker-Centres-Division/resize_1267876741836.gif,Existing,Completed,,,30/3/2021,29/3/2021,HUP Standard Upgrading,19/10/1974,20210202110628,15/1/2010,,,917DDC2A09CB38C0,,26366.58,28870.260000000002,56,77,1.27736683810317,103.818641695106
Telok Blangah Drive Blk 79 (Telok Blangah Food Centre),1.27342999,103.8076782,"Blk 79, Telok Blangah Drive, Singapore 100079","Situated directly opposite the Telok Blangah Community Centre, the hawker centre is a convenient location where residents of Telok Blangah can get to enjoy palatable local cuisines at affordable rates from the 40 cooked food stalls.",I,79,,,Telok Blangah Drive,100079,,West,http://www.nea.gov.sg/images/default-source/Hawker-Centres-Division/resize_1262153497855.jpg,Existing,Completed,,,22/3/2021,22/3/2021,HUP Standard Upgrading,30/5/1977,20201228124030,20/8/2005,,,47E27FD758D2D421,,25140.71,28428.13,40,0,1.27336828250285,103.807626838954
Telok Blangah Drive Blk 82 (Telok Blangah Market),1.27398002,103.8079987,"Blk 82, Telok Blangah Drive, Singapore 100082","Built in 1972, the standalone market at Blk 82 Telok Blangah Drive offers a variety of fresh produce where residents can fulfill their marketing needs. Comprises 144 market stalls.",I,82,,,Telok Blangah Drive,100082,,West,http://www.nea.gov.sg/images/default-source/Hawker-Centres-Division/resize_1262153608307.jpg,Existing,Completed,,,22/3/2021,22/3/2021,HUP Standard Upgrading,30/5/1977,20201228124030,29/11/2011,,,1EB09A22E279F234,,25175.96,28488.45,0,144,1.27391379857001,103.807943567416
Telok Blangah Rise Blk 36 (Telok Blangah Rise Market),1.27266002,103.8221283,"Blk 36, Telok Blangah Rise, Singapore 090036","Located near the scenic Mount Faber Park, the hawker centre has been serving the dining and marketing needs of residents in the vicinity since the 1970s.",I,36,,,Telok Blangah Rise,090036,,West,http://www.nea.gov.sg/images/default-source/Hawker-Centres-Division/resize_1267858653663.jpg,Existing,Completed,,,5/1/2021,4/1/2021,HUP Standard Upgrading,29/10/1975,20210202110628,20/10/2010,,,336A650EC102AD9C,,26753.38,28355.97,32,103,1.27271579716508,103.82211725658
Tiong Bahru Market,1.28468299,103.832428,"30, Seng Poh Road, Singapore 168898","Located in one of the oldest and most charming neighbourhoods, Tiong Bahru Market was built in 1950 as a single-storey centre.  The centre merged with Blk 84 and 84A Lim Liak Street during the upgrading in 2006, and was converted into a three-storey building: market stalls on the ground floor, cooked food stalls on the second floor and a carpark on the third. It is the fourth largest hawker centre in Singapore with 259 market stalls and 83 cooked food stalls! Well-known for the many popular stalls within the centre.",I,30,,,Seng Poh Road,168898,,West,http://www.nea.gov.sg/images/default-source/Hawker-Centres-Division/resize_1262156378375.jpg,Existing,Completed,10630.72,,2/3/2021,1/3/2021,HUP Rebuilding,,20201228124030,10/2/2006,,,0FAB58D0C998FB6F,,27892.07,29724.05,83,259,1.28508825756818,103.832348785334
Toa Payoh Lorong 1 Blk 127 (Toa Payoh West Market and Food Court),1.33816004,103.8447876,"Blk 127, Lorong 1 Toa Payoh, Singapore 310127","Built in 1969, the two-storey hawker centre comprises 40 cooked food stalls and 108 market stalls. Well-known for hawker fare such as Chicken Rice, Hokkien Mee etc, the hawker centre serves both the dining and marketing needs of Toa Payoh residents.",I,127,,,Lorong 1 Toa Payoh,310127,,Central,http://www.nea.gov.sg/images/default-source/Hawker-Centres-Division/resize_1262154499803.jpg,Existing,Completed,,,22/3/2021,22/3/2021,HUP Reconfiguration,11/3/1969,20201228124030,11/12/2003,,,ED2DB7B739D30453,,29270.15,35585.01,40,108,1.33809268551386,103.844731621961
Toa Payoh Lorong 4 Blk 74 (Toa Payoh Vista Market),1.33462,103.8520584,"Blk 74, Lorong 4 Toa Payoh, Singapore 310074","Built in 1968, the hawker centre at Blk 74 Lorong 4 Toa Payoh comprises 10 cooked food stalls and 80 market stalls. Located near to Toa Payoh central and HDB Hub.",I,74,,,Lorong 4 Toa Payoh,310074,,Central,http://www.nea.gov.sg/images/default-source/Hawker-Centres-Division/resize_1262226848493.jpg,Existing,Completed,,,22/2/2021,22/2/2021,HUP Reconfiguration,9/9/1968,20201228124030,1/11/2004,,,0F387A4A781E2EE5,,30078.95,35193.08,10,80,1.33454816495637,103.851999137527
Toa Payoh Lorong 4 Blk 93,1.33853996,103.8495712,"Blk 93, Lorong 4 Toa Payoh, Singapore 310093","Built in 1967, the hawker centre at Blk 93 Lorong 4 Toa Payoh comprises 28 cooked food stalls and 32 market stalls. Originally a double-storey building, the centre was converted to a single-storey one after upgrading in 2009.",I,93,,,Lorong 4 Toa Payoh,310093,,Central,http://www.nea.gov.sg/images/default-source/Hawker-Centres-Division/resize_1262154305312.jpg,Existing,Completed,,,15/3/2021,15/3/2021,HUP Standard Upgrading,19/7/1967,20201228124030,20/7/2009,,,8ED7D8172C48D291,,29802.32,35627.26,28,32,1.3384747524617,103.849513484035
Toa Payoh Lorong 5 Blk 75,1.33609998,103.8529968,"Blk 75, Lorong 5 Toa Payoh, Singapore 310075","Built in 1968, this standalone food centre at Blk 75 Lorong 5 Toa Payoh comprises 36 cooked food stalls.",I,75,,,Lorong 5 Toa Payoh,310075,,Central,http://www.nea.gov.sg/images/default-source/Hawker-Centres-Division/resize_1267878144152.jpg,Existing,Completed,,,1/3/2021,1/3/2021,HUP Standard Upgrading,5/2/1968,20201228124030,21/11/2012,,,83FB95F6519D1414,,30183.83,35357.91,36,0,1.33603882157063,103.852941556275
Toa Payoh Lorong 7 Blk 22 (Kim Keat Palm Market and Food Centre),1.3352899599999999,103.8570633,"Blk 22, Lorong 7 Toa Payoh, Singapore 310022","Built in 1970, the hawker centre at Blk 22 Lorong 7 Toa Payoh serves the Kim Keat residents and nearby industrial parks. There are 61 cooked food stalls and 59 market stalls in the hawker centre.  Be pampered by delicious hawker fare such as Oyster Omelette, Fishball Noodles, Zi Char etc!",I,22,,,Lorong 7 Toa Payoh,310022,,Central,http://www.nea.gov.sg/images/default-source/Hawker-Centres-Division/resize_1265168256123.jpg,Existing,<R&R> 01/03/2021 to 30/04/2021,,,TBC,TBC,HUP Reconfiguration,2/3/1970,20210222124820,16/7/2004,,,E43A2111F9153E01,,30639.5,35268.64,61,59,1.33523145909678,103.857036007166
Toa Payoh Lorong 8 Blk 210,1.34033001,103.8544617,"Blk 210, Lorong 8 Toa Payoh, Singapore 310210","Built in 1974, this hawker centre houses 80 cooked food stalls and 77 market stalls. One of the largest hawker centres in the Toa Payoh vicinity.",I,210,,,Lorong 8 Toa Payoh,310210,,Central,http://www.nea.gov.sg/images/default-source/Hawker-Centres-Division/resize_1267876959422.jpg,Existing,Completed,,,5/1/2021,4/1/2021,HUP Standard Upgrading,27/8/1974,20201228124030,30/9/2011,,,AD6CE8507CA76F0C,,30345.61,35824.76,80,77,1.3402608349586,103.854395279214
Upper Boon Keng Road Blk 17 (Blk 17 Upper Boon Keng Market and Food Centre),1.31508994,103.8716812,"Blk 17, Upper Boon Keng Road, Singapore 380017","Upgraded in 2009, the hawker centre at Blk 17 Upper Boon Keng comprises 84 cooked food stalls and 60 market stalls. The hawker centre serves the nearby residential and industrial estates.",I,17,,,Upper Boon Keng Road,380017,,Central,http://www.nea.gov.sg/images/default-source/Hawker-Centres-Division/resize_1262226056435.jpg,Existing,Completed,,,23/3/2021,22/3/2021,HUP Standard Upgrading,28/2/1974,20201228124030,13/1/2009,,,5A26A7AC823E0822,,32262.61,33034.67,84,60,1.31502804429519,103.871620273635
Upper Cross Street Blk 531A (Hong Lim Food Centre and Market),1.28446996,103.8458633,"Blk 531A, Upper Cross Street, Singapore 051531","Also known as Hong Lim Food Centre, the hawker centre is famous for dishes such as Bak Ku Teh, Crayfish Hor Fun, Curry Chicken Noodles, Fish Head Bee Hoon etc. Expect to see long queues at different stalls, especially during lunch hours. Apart from the 103 cooked food stalls, the hawker centre also has 40 market stalls to serve the needs of the residents in the vicinity.",,531A,,,Upper Cross Street,051531,,Central,http://www.nea.gov.sg/images/default-source/Hawker-Centres-Division/resize_1267878882405.jpg,Existing,Completed,,,23/3/2021,22/3/2021,HUP Reconfiguration,28/1/1978,20210202110628,9/3/2011,,,A606939375AE255A,,29391.18,29741.54,103,40,1.28524640047048,103.845818885585
West Coast Drive Blk 502 (Ayer Rajah Market),1.3119599800000001,103.7591019,"Blk 502, West Coast Drive, Singapore 120502","Also known as Ayer Rajah Market, the standalone market is located next to Ayer Rajah Food Centre. One of the last few hawker centres built, construction was completed in 1995 to complement Ayer Rajah Food Centre. There are 68 market stalls at the market to serve the West Coast area.",I,502,,,West Coast Drive,120502,,West,http://www.nea.gov.sg/images/default-source/Hawker-Centres-Division/resize_1265168297394.jpg,Existing,Completed,,,15/3/2021,15/3/2021,Not eligible for HUP,19/1/1995,20201228124030,,,,2DBB0A9F8B1DD16B,,19747.53,32687.74,0,68,1.31188972115897,103.759166093858
West Coast Drive Blk 503 (Ayer Rajah Food Centre),1.31186998,103.7598038,"Blk 503, West Coast Drive, Singapore 120503","Also known as Ayer Rajah Food Centre, the standalone food centre was originally built in 1979.  The centre is located next to Ayer Rajah Market and currently houses 80 cooked food stalls to serve the West Coast area.",I,503,,,West Coast Drive,120503,,West,http://www.nea.gov.sg/images/default-source/Hawker-Centres-Division/resize_1265168322420.jpg,Existing,Completed,,,16/3/2021,15/3/2021,HUP Standard Upgrading,26/3/1979,20201228124030,15/12/2002,,,7A2798348042C52A,,19812.66,32678.15,80,0,1.31180301004196,103.759751321019
Whampoa Drive Blk 90 (Whampoa Drive Makan Place/Whampoa Food Centre),1.32314003,103.8550415,"Blk 90, Whampoa Drive, Singapore 320090","Known also as Whampoa Drive Makan Place, this is one hawker centre in Singapore which has become inceasingly famous over the years. Patrons can easily find popular stalls serving up excellent dishes to satisfy their palate. Be prepared to wait during peak hours as the premise is packed with diners!",I,90,,,Whampoa Drive,320090,,Central,http://www.nea.gov.sg/images/default-source/Hawker-Centres-Division/resize_1262154207158.jpg,Existing,Completed,,,16/3/2021,16/3/2021,HUP Standard Upgrading,26/8/1976,20201228124030,25/10/2007,,,16F08FA0FB1938AD,,30428.25,33909.85,80,12,1.32294306204189,103.855137696535
Whampoa Drive Blk 91/92 (Whampoa Drive Makan Place/Whampoa Market),1.32349002,103.8541336,"Blk 91/92, Whampoa Drive, Singapore 320091/320092","Known also as Whampoa Drive Makan Place, this is one hawker centre in Singapore which has become inceasingly famous over the years. Patrons can easily find popular stalls serving up excellent dishes to satisfy their palate. Be prepared to wait during peak hours as the premise is packed with diners!",I,91/92,,,Whampoa Drive,320091,,Central,http://www.nea.gov.sg/images/default-source/Hawker-Centres-Division/resize_1262154257763.jpg,Existing,Completed,,,15/3/2021,15/3/2021,HUP Standard Upgrading,3/1/1973,20201228124030,25/10/2007,,,38A4F531D4EFDE9D,,30309.21,33962.78,52,112,1.32342175143826,103.85406806286
Woodleigh Village Hawker Centre,,,,,,202C,,,Woodleigh Link,363202,Woodleigh Village,,,Under Construction,#N/A,,30/6/2017,#N/A,#N/A,New Centre,2021,20201030102222,,,21/7/2017,7729E118EAD6161D,hawker centre/flats/bus interchange,32314.87,35773.4,,,1.3397961360031,103.872090241567
Yishun Park Hawker Centre,1.424911,103.844992,"Blk 51, Yishun Avenue 11, Singapore 768867","Built in 2017, the hawker centre at Yishun Park consists of 45 cooked food stalls and allows patrons of all ages to enjoy affordable food in a pleasant dining environment.  The centre features natural ventilation, family-friendly features, such as child-friendly toilet facilities and family-friendly seating, and built-in tray-return facilities at accessible locations.",,51,,,Yishun Avenue 11,768867,Yishun Park Hawker Centre,Central,http://www.nea.gov.sg/images/default-source/Hawker-Centres-Division/yishun-hawker-centre.jpg,Existing (new),,3364,23/10/2015,9/3/2021,8/3/2021,New Centre,3/7/2017,20201228124030,,,25/11/2015,2676B6596B95A8EB,,29271.88,45196.73,45,0,1.42501763803265,103.844747581861
Yishun Ring Road Blk 104/105 (Chong Pang Market and Food Centre),1.43165803,103.8280716,"Blk 104/105, Yishun Ring Road, Singapore 760104/760105","Built in 1984, the hawker centre comprises 56 cooked food stalls and 123 market stalls. Residents of Chong Pang patronise the centre for its wide selection of local cuisines.",I,104/105,,,Yishun Ring Road,760104,,North,http://www.nea.gov.sg/images/default-source/Hawker-Centres-Division/resize_1267438077554.jpg,Existing,Completed,,,22/3/2021,22/3/2021,HUP Standard Upgrading,31/3/1984,20210202110628,4/8/2003,,,A75CB1D52BCD864D,,27467.95,45907.73,56,123,1.43144768831222,103.828537609942
Zion Riverside Food Centre,1.29234004,103.8311844,"70, Zion Road, Singapore 247792","Located opposite Great World City, Zion Riverside Food Centre boasts a huge reputation even with its relatively small footprint of 32 cooked food stalls. Built since 1976, patrons can find a variety of good food offerings at the centre. Popular with both locals and tourists alike.",I,70,,,Zion Road,247792,,Central,http://www.nea.gov.sg/images/default-source/Hawker-Centres-Division/resize_1267879560483.jpg,Existing,<R&R> 01/11/2020 to 28/02/2021,1421.31,,TBC,TBC,HUP Standard Upgrading,1976,20210222124820,5/3/2003,,,41709ABE53369DF6,,27763.03,30526.15,32,0,1.29234216757957,103.831189303546
